process.b1.capacity,process.b2.capacity,process.b3.capacity,process.b4.capacity,property.price,property.product,property.winner,verification.result,verification.time
0,0,2,,,1,0,False,163.3166667
0,0,,1,,2,0,False,200.86
0,0,2,1,,4,0,False,154.8888889
0,0,2,1,59,6,0,False,108.64
0,0,2,1,60,1,0,True,85.46666667
0,0,2,1,60,1,3,True,82
0,0,2,1,60,1,4,False,154.25
0,0,2,1,60,2,0,True,80.95
0,0,2,1,60,2,3,True,78
0,0,2,1,60,2,4,False,197.01
0,0,2,1,60,4,0,True,80.25
0,0,2,1,60,4,3,True,77.91666667
0,0,2,1,60,4,4,False,144.6944444
0,0,2,1,60,6,0,True,88.12
0,0,2,1,60,6,3,True,78.84
0,0,2,1,60,6,4,True,78.15
0,0,2,1,69,3,0,False,112.05
0,0,2,1,69,5,0,False,322.0555556
0,0,2,1,70,3,0,True,87.1
0,0,2,1,70,3,3,True,97.11
0,0,2,1,70,3,4,True,80.86
0,0,2,1,70,5,0,True,194.4388889
0,0,2,1,70,5,3,False,378.8222222
0,0,2,1,70,5,4,True,207.7722222
0,1,2,1,59,1,0,False,646.675
0,1,2,1,59,4,0,False,564.6346154
0,1,2,1,59,6,0,False,248.2166667
0,1,2,1,60,1,0,False,578.625
0,1,2,1,60,4,0,False,523.9615385
0,1,2,1,60,6,0,True,90
0,1,2,1,60,6,2,True,94.58333333
0,1,2,1,60,6,3,False,243.5166667
0,1,2,1,60,6,4,False,225.05
0,1,2,1,61,1,0,False,608.2
0,1,2,1,61,4,0,False,546.3461538
0,1,2,1,62,1,0,False,596.475
0,1,2,1,62,4,0,False,554.1153846
0,1,2,1,63,1,0,False,603.65
0,1,2,1,63,4,0,False,553.7692308
0,1,2,1,64,1,0,False,532.8
0,1,2,1,64,4,0,False,483.4615385
0,1,2,1,65,1,0,False,567.975
0,1,2,1,65,4,0,False,505.9615385
0,1,2,1,66,1,0,False,564.3
0,1,2,1,66,4,0,False,496.1730769
0,1,2,1,67,1,0,False,588.9
0,1,2,1,67,4,0,False,522.6346154
0,1,2,1,68,1,0,False,537.075
0,1,2,1,68,4,0,False,481.6538462
0,1,2,1,69,1,0,False,544.05
0,1,2,1,69,3,0,False,178.4
0,1,2,1,69,4,0,False,512.3461538
0,1,2,1,69,5,0,False,751.1875
0,1,2,1,70,1,0,True,518.2
0,1,2,1,70,1,2,True,547.725
0,1,2,1,70,1,3,False,602.125
0,1,2,1,70,1,4,False,588.2
0,1,2,1,70,3,0,True,153.5166667
0,1,2,1,70,3,2,True,151.1333333
0,1,2,1,70,3,3,False,165.4166667
0,1,2,1,70,3,4,False,176.7166667
0,1,2,1,70,4,0,True,418.0576923
0,1,2,1,70,4,2,True,451.1538462
0,1,2,1,70,4,3,False,529.0769231
0,1,2,1,70,4,4,False,518.3653846
0,1,2,1,70,5,0,False,739.475
0,1,2,1,71,5,0,False,751.9875
0,1,2,1,72,5,0,False,740.4125
0,1,2,1,73,5,0,False,719.45
0,1,2,1,74,5,0,False,745.5375
0,1,2,1,75,5,0,False,734.5625
0,1,2,1,76,5,0,False,752.3
0,1,2,1,77,5,0,False,725.55
0,1,2,1,78,5,0,False,742.825
0,1,2,1,79,5,0,False,723.8125
0,1,2,1,80,5,0,True,101.7375
0,1,2,1,80,5,2,False,770.2375
0,1,2,1,80,5,3,False,770.75
0,1,2,1,80,5,4,True,106.3375
0,1,2,0,59,1,0,False,513.2333333
0,1,2,0,59,2,0,False,1527.53
0,1,2,0,59,4,0,False,476.3222222
0,1,2,0,59,6,0,False,145.4
0,1,2,0,60,1,0,False,443.0166667
0,1,2,0,60,2,0,False,1137.465
0,1,2,0,60,4,0,False,419.8555556
0,1,2,0,60,6,0,True,91.805
0,1,2,0,60,6,2,True,85.25
0,1,2,0,60,6,3,False,134.325
0,1,2,0,61,1,0,False,462.0583333
0,1,2,0,61,2,0,False,1293.665
0,1,2,0,61,4,0,False,441.8388889
0,1,2,0,62,1,0,False,463.7083333
0,1,2,0,62,2,0,False,1245.215
0,1,2,0,62,4,0,False,434.75
0,1,2,0,63,1,0,False,463.075
0,1,2,0,63,2,0,False,1290.88
0,1,2,0,63,4,0,False,455.2666667
0,1,2,0,64,1,0,False,389.3
0,1,2,0,64,2,0,False,991.07
0,1,2,0,64,4,0,False,362.8111111
0,1,2,0,65,1,0,False,411.825
0,1,2,0,65,2,0,False,1106.455
0,1,2,0,65,4,0,False,384.3388889
0,1,2,0,66,1,0,False,398.4833333
0,1,2,0,66,2,0,False,1098.255
0,1,2,0,66,4,0,False,377.3944444
0,1,2,0,67,1,0,False,428.8333333
0,1,2,0,67,2,0,False,1236.05
0,1,2,0,67,4,0,False,417.1388889
0,1,2,0,68,1,0,False,395.4583333
0,1,2,0,68,2,0,False,917.335
0,1,2,0,68,4,0,False,363.2555556
0,1,2,0,69,1,0,False,412.6666667
0,1,2,0,69,2,0,False,1020.25
0,1,2,0,69,3,0,False,109.71
0,1,2,0,69,4,0,False,399.2777778
0,1,2,0,70,1,0,True,383.1916667
0,1,2,0,70,1,2,True,412.525
0,1,2,0,70,1,3,False,455.6166667
0,1,2,0,70,2,0,False,1013.485
0,1,2,0,70,3,0,True,101.765
0,1,2,0,70,3,2,True,94.635
0,1,2,0,70,3,3,False,99.945
0,1,2,0,70,4,0,True,348.1555556
0,1,2,0,70,4,2,True,375.7333333
0,1,2,0,70,4,3,False,429.9388889
0,1,2,0,71,2,0,False,1123.56
0,1,2,0,72,2,0,False,1087.23
0,1,2,0,73,2,0,False,1260.775
0,1,2,0,74,2,0,False,1203.43
0,1,2,0,75,2,0,False,1345.56
0,1,2,0,76,2,0,False,979.395
0,1,2,0,77,2,0,False,1127.495
0,1,2,0,78,2,0,False,1113.075
0,1,2,0,79,2,0,False,1276.795
0,1,2,0,80,2,0,True,119.28
0,1,2,0,80,2,2,True,312.645
0,1,2,0,80,2,3,True,120.82
0,1,2,1,59,1,0,False,665.2261905
0,1,2,1,59,2,0,False,1716.807143
0,1,2,1,59,4,0,False,585.787037
0,1,2,1,59,6,0,False,256.5428571
0,1,2,1,60,1,0,False,616.9166667
0,1,2,1,60,2,0,False,1300.964286
0,1,2,1,60,4,0,False,552.8611111
0,1,2,1,60,6,0,True,92.24285714
0,1,2,1,60,6,2,True,94.55714286
0,1,2,1,60,6,3,False,249.0785714
0,1,2,1,60,6,4,False,228.8428571
0,1,2,1,61,1,0,False,640.5119048
0,1,2,1,61,2,0,False,1411.164286
0,1,2,1,61,4,0,False,565.7037037
0,1,2,1,62,1,0,False,628.7261905
0,1,2,1,62,2,0,False,1390.742857
0,1,2,1,62,4,0,False,572.4351852
0,1,2,1,63,1,0,False,628.702381
0,1,2,1,63,2,0,False,1417.628571
0,1,2,1,63,4,0,False,571.8055556
0,1,2,1,64,1,0,False,560.1428571
0,1,2,1,64,2,0,False,1187.635714
0,1,2,1,64,4,0,False,497.4074074
0,1,2,1,65,1,0,False,586.3333333
0,1,2,1,65,2,0,False,1317.15
0,1,2,1,65,4,0,False,519.2037037
0,1,2,1,66,1,0,False,576.3928571
0,1,2,1,66,2,0,False,1299.528571
0,1,2,1,66,4,0,False,516.6759259
0,1,2,1,67,1,0,False,598.5357143
0,1,2,1,67,2,0,False,1455.378571
0,1,2,1,67,4,0,False,542.0740741
0,1,2,1,68,1,0,False,557.4285714
0,1,2,1,68,2,0,False,1113.721429
0,1,2,1,68,4,0,False,492.25
0,1,2,1,69,1,0,False,573.9642857
0,1,2,1,69,2,0,False,1208.778571
0,1,2,1,69,3,0,False,184.7214286
0,1,2,1,69,4,0,False,522.9907407
0,1,2,1,69,5,0,False,763.0944444
0,1,2,1,70,1,0,True,528.5357143
0,1,2,1,70,1,2,True,577.5595238
0,1,2,1,70,1,3,False,630.3571429
0,1,2,1,70,1,4,False,607.7857143
0,1,2,1,70,2,0,False,1209.721429
0,1,2,1,70,3,0,True,159.65
0,1,2,1,70,3,2,True,154.2
0,1,2,1,70,3,3,False,178.55
0,1,2,1,70,3,4,False,184.5785714
0,1,2,1,70,4,0,True,435.4907407
0,1,2,1,70,4,2,True,468.8703704
0,1,2,1,70,4,3,False,561.6851852
0,1,2,1,70,4,4,False,543.6574074
0,1,2,1,70,5,0,False,758.1166667
0,1,2,1,71,2,0,False,1341.264286
0,1,2,1,71,5,0,False,762.5222222
0,1,2,1,72,2,0,False,1276.278571
0,1,2,1,72,5,0,False,744.5611111
0,1,2,1,73,2,0,False,1459.335714
0,1,2,1,73,5,0,False,727.5666667
0,1,2,1,74,2,0,False,1393.121429
0,1,2,1,74,5,0,False,748.5722222
0,1,2,1,75,2,0,False,1550.778571
0,1,2,1,75,5,0,False,735.5444444
0,1,2,1,76,2,0,False,1171.971429
0,1,2,1,76,5,0,False,740.7777778
0,1,2,1,77,2,0,False,1309.614286
0,1,2,1,77,5,0,False,734.8444444
0,1,2,1,78,2,0,False,1316.185714
0,1,2,1,78,5,0,False,736.1833333
0,1,2,1,79,2,0,False,1480.921429
0,1,2,1,79,5,0,False,742.3444444
0,1,2,1,80,2,0,True,126.5071429
0,1,2,1,80,2,2,True,369.9785714
0,1,2,1,80,2,3,True,130.6642857
0,1,2,1,80,2,4,False,1386.157143
0,1,2,1,80,5,0,True,102.6166667
0,1,2,1,80,5,2,False,783.3722222
0,1,2,1,80,5,3,False,782.6888889
0,1,2,1,80,5,4,True,105.6
0,2,2,0,59,1,0,False,522.525
0,2,2,0,59,4,0,False,466.4625
0,2,2,0,59,6,0,False,144.525
0,2,2,0,60,1,0,False,447.9
0,2,2,0,60,4,0,False,412.4125
0,2,2,0,60,6,0,True,93.575
0,2,2,0,60,6,2,True,87.55
0,2,2,0,60,6,3,False,132.325
0,2,2,0,61,1,0,False,468.8
0,2,2,0,61,4,0,False,429.3125
0,2,2,0,62,1,0,False,476.3
0,2,2,0,62,4,0,False,431.5625
0,2,2,0,63,1,0,False,471.675
0,2,2,0,63,4,0,False,447.0125
0,2,2,0,64,1,0,False,394.275
0,2,2,0,64,4,0,False,351.3625
0,2,2,0,65,1,0,False,410.15
0,2,2,0,65,4,0,False,379.2375
0,2,2,0,66,1,0,False,399.35
0,2,2,0,66,4,0,False,375.925
0,2,2,0,67,1,0,False,434.025
0,2,2,0,67,4,0,False,406.8
0,2,2,0,68,1,0,False,391.625
0,2,2,0,68,4,0,False,357.725
0,2,2,0,69,1,0,False,411.95
0,2,2,0,69,3,0,False,105.425
0,2,2,0,69,4,0,False,395.3875
0,2,2,0,70,1,0,True,377.325
0,2,2,0,70,1,2,True,418.6
0,2,2,0,70,1,3,False,446.125
0,2,2,0,70,3,0,True,98.975
0,2,2,0,70,3,2,True,94.275
0,2,2,0,70,3,3,False,100.6
0,2,2,0,70,4,0,True,345
0,2,2,0,70,4,2,True,367
0,2,2,0,70,4,3,False,420.625
0,2,2,1,59,1,0,False,654.78125
0,2,2,1,59,4,0,False,570.2708333
0,2,2,1,59,6,0,False,257.1666667
0,2,2,1,60,1,0,False,607.625
0,2,2,1,60,4,0,False,544.7708333
0,2,2,1,60,6,0,True,92.75
0,2,2,1,60,6,2,True,95.97222222
0,2,2,1,60,6,3,False,245.3611111
0,2,2,1,60,6,4,False,230.75
0,2,2,1,61,1,0,False,623
0,2,2,1,61,4,0,False,550.0208333
0,2,2,1,62,1,0,False,620.375
0,2,2,1,62,4,0,False,551.4375
0,2,2,1,63,1,0,False,624.25
0,2,2,1,63,4,0,False,550.0625
0,2,2,1,64,1,0,False,559.21875
0,2,2,1,64,4,0,False,488.8958333
0,2,2,1,65,1,0,False,578.25
0,2,2,1,65,4,0,False,489.4375
0,2,2,1,66,1,0,False,568.4375
0,2,2,1,66,4,0,False,486.6458333
0,2,2,1,67,1,0,False,608.3125
0,2,2,1,67,4,0,False,526.5833333
0,2,2,1,68,1,0,False,560.65625
0,2,2,1,68,4,0,False,485.8333333
0,2,2,1,69,1,0,False,581.90625
0,2,2,1,69,3,0,False,177.75
0,2,2,1,69,4,0,False,512.5208333
0,2,2,1,69,5,0,False,745.525
0,2,2,1,70,1,0,True,523.40625
0,2,2,1,70,1,2,True,574.21875
0,2,2,1,70,1,3,False,609.34375
0,2,2,1,70,1,4,False,597.875
0,2,2,1,70,3,0,True,156.9444444
0,2,2,1,70,3,2,True,148.9722222
0,2,2,1,70,3,3,False,172.1666667
0,2,2,1,70,3,4,False,180.7222222
0,2,2,1,70,4,0,True,429.125
0,2,2,1,70,4,2,True,457.3958333
0,2,2,1,70,4,3,False,563.0625
0,2,2,1,70,4,4,False,541.4583333
0,2,2,1,70,5,0,False,756.35
0,2,2,1,71,5,0,False,750.65
0,2,2,1,72,5,0,False,739.6
0,2,2,1,73,5,0,False,727.05
0,2,2,1,74,5,0,False,758.275
0,2,2,1,75,5,0,False,724.4
0,2,2,1,76,5,0,False,736.95
0,2,2,1,77,5,0,False,741.675
0,2,2,1,78,5,0,False,781.25
0,2,2,1,79,5,0,False,736.225
0,2,2,1,80,5,0,True,103.975
0,2,2,1,80,5,2,False,779.025
0,2,2,1,80,5,3,False,771.8
0,2,2,1,80,5,4,True,104.5
0,2,2,0,59,1,0,False,511.4791667
0,2,2,0,59,2,0,False,1525.910714
0,2,2,0,59,4,0,False,478.0416667
0,2,2,0,59,6,0,False,144.3035714
0,2,2,0,60,1,0,False,442.25
0,2,2,0,60,2,0,False,1135.276786
0,2,2,0,60,4,0,False,413.9375
0,2,2,0,60,6,0,True,90.44642857
0,2,2,0,60,6,2,True,85.58035714
0,2,2,0,60,6,3,False,134.7857143
0,2,2,0,61,1,0,False,459.8229167
0,2,2,0,61,2,0,False,1283.669643
0,2,2,0,61,4,0,False,438.3194444
0,2,2,0,62,1,0,False,456.28125
0,2,2,0,62,2,0,False,1246.285714
0,2,2,0,62,4,0,False,437.1875
0,2,2,0,63,1,0,False,462.78125
0,2,2,0,63,2,0,False,1302.473214
0,2,2,0,63,4,0,False,454.0694444
0,2,2,0,64,1,0,False,387.1354167
0,2,2,0,64,2,0,False,1001.142857
0,2,2,0,64,4,0,False,358.8611111
0,2,2,0,65,1,0,False,412.0729167
0,2,2,0,65,2,0,False,1101.660714
0,2,2,0,65,4,0,False,384.4027778
0,2,2,0,66,1,0,False,389.625
0,2,2,0,66,2,0,False,1109.482143
0,2,2,0,66,4,0,False,384.2777778
0,2,2,0,67,1,0,False,420.5208333
0,2,2,0,67,2,0,False,1233.276786
0,2,2,0,67,4,0,False,420.5625
0,2,2,0,68,1,0,False,383.6770833
0,2,2,0,68,2,0,False,910.6964286
0,2,2,0,68,4,0,False,364.5694444
0,2,2,0,69,1,0,False,408.9375
0,2,2,0,69,2,0,False,1011.964286
0,2,2,0,69,3,0,False,111.1160714
0,2,2,0,69,4,0,False,394.0763889
0,2,2,0,70,1,0,True,376.8229167
0,2,2,0,70,1,2,True,417.8229167
0,2,2,0,70,1,3,False,448.3645833
0,2,2,0,70,2,0,False,1018.714286
0,2,2,0,70,3,0,True,103.4732143
0,2,2,0,70,3,2,True,96.51785714
0,2,2,0,70,3,3,False,103.8482143
0,2,2,0,70,4,0,True,344.6458333
0,2,2,0,70,4,2,True,369.9166667
0,2,2,0,70,4,3,False,431.4027778
0,2,2,0,71,2,0,False,1120.410714
0,2,2,0,72,2,0,False,1082.267857
0,2,2,0,73,2,0,False,1238.526786
0,2,2,0,74,2,0,False,1198.071429
0,2,2,0,75,2,0,False,1337.205357
0,2,2,0,76,2,0,False,981.2410714
0,2,2,0,77,2,0,False,1129.607143
0,2,2,0,78,2,0,False,1101.482143
0,2,2,0,79,2,0,False,1285.410714
0,2,2,0,80,2,0,True,116.8214286
0,2,2,0,80,2,2,True,311.9732143
0,2,2,0,80,2,3,True,123.6071429
0,2,2,1,59,1,0,False,678.7037037
0,2,2,1,59,2,0,False,1706.037879
0,2,2,1,59,4,0,False,583.0763889
0,2,2,1,59,6,0,False,254.7651515
0,2,2,1,60,1,0,False,620.5
0,2,2,1,60,2,0,False,1310.681818
0,2,2,1,60,4,0,False,555.9097222
0,2,2,1,60,6,0,True,91.25757576
0,2,2,1,60,6,2,True,93.21212121
0,2,2,1,60,6,3,False,245.25
0,2,2,1,60,6,4,False,227.280303
0,2,2,1,61,1,0,False,641.8703704
0,2,2,1,61,2,0,False,1420.045455
0,2,2,1,61,4,0,False,570.3402778
0,2,2,1,62,1,0,False,638.212963
0,2,2,1,62,2,0,False,1396.848485
0,2,2,1,62,4,0,False,574.0902778
0,2,2,1,63,1,0,False,644.0092593
0,2,2,1,63,2,0,False,1436.795455
0,2,2,1,63,4,0,False,584.3055556
0,2,2,1,64,1,0,False,569.8611111
0,2,2,1,64,2,0,False,1201.818182
0,2,2,1,64,4,0,False,499.5555556
0,2,2,1,65,1,0,False,596.6203704
0,2,2,1,65,2,0,False,1301.30303
0,2,2,1,65,4,0,False,524.8055556
0,2,2,1,66,1,0,False,581.6111111
0,2,2,1,66,2,0,False,1301.05303
0,2,2,1,66,4,0,False,506.9722222
0,2,2,1,67,1,0,False,619.6574074
0,2,2,1,67,2,0,False,1454.280303
0,2,2,1,67,4,0,False,544.1041667
0,2,2,1,68,1,0,False,574.7037037
0,2,2,1,68,2,0,False,1110.780303
0,2,2,1,68,4,0,False,504.1458333
0,2,2,1,69,1,0,False,590.5740741
0,2,2,1,69,2,0,False,1224.416667
0,2,2,1,69,3,0,False,186.2045455
0,2,2,1,69,4,0,False,531.3402778
0,2,2,1,69,5,0,False,756.5833333
0,2,2,1,70,1,0,True,548.712963
0,2,2,1,70,1,2,True,596.287037
0,2,2,1,70,1,3,False,636.1111111
0,2,2,1,70,1,4,False,629.2037037
0,2,2,1,70,2,0,False,1214.325758
0,2,2,1,70,3,0,True,160.1742424
0,2,2,1,70,3,2,True,154.4166667
0,2,2,1,70,3,3,False,176.5454545
0,2,2,1,70,3,4,False,186.8560606
0,2,2,1,70,4,0,True,443.4861111
0,2,2,1,70,4,2,True,478.5208333
0,2,2,1,70,4,3,False,567.4652778
0,2,2,1,70,4,4,False,552.0347222
0,2,2,1,70,5,0,False,762.6388889
0,2,2,1,71,2,0,False,1325.931818
0,2,2,1,71,5,0,False,760.2013889
0,2,2,1,72,2,0,False,1279.174242
0,2,2,1,72,5,0,False,746.9652778
0,2,2,1,73,2,0,False,1451.659091
0,2,2,1,73,5,0,False,729.5902778
0,2,2,1,74,2,0,False,1407.871212
0,2,2,1,74,5,0,False,758.2847222
0,2,2,1,75,2,0,False,1557.204545
0,2,2,1,75,5,0,False,751.1527778
0,2,2,1,76,2,0,False,1185.151515
0,2,2,1,76,5,0,False,748.1736111
0,2,2,1,77,2,0,False,1322.492424
0,2,2,1,77,5,0,False,755.9791667
0,2,2,1,78,2,0,False,1335.545455
0,2,2,1,78,5,0,False,752.4722222
0,2,2,1,79,2,0,False,1494.636364
0,2,2,1,79,5,0,False,742.2361111
0,2,2,1,80,2,0,True,129.5
0,2,2,1,80,2,2,True,379.8939394
0,2,2,1,80,2,3,True,133.0530303
0,2,2,1,80,2,4,False,1396.310606
0,2,2,1,80,5,0,True,103.1597222
0,2,2,1,80,5,2,False,786.0694444
0,2,2,1,80,5,3,False,793.3263889
0,2,2,1,80,5,4,True,104.9444444
0,3,2,0,59,1,0,False,537.875
0,3,2,0,59,4,0,False,472.2083333
0,3,2,0,59,6,0,False,137.875
0,3,2,0,60,1,0,False,478.125
0,3,2,0,60,4,0,False,417.375
0,3,2,0,60,6,0,True,93.25
0,3,2,0,60,6,2,True,92.5
0,3,2,0,60,6,3,False,139.125
0,3,2,0,61,1,0,False,456.875
0,3,2,0,61,4,0,False,441.2916667
0,3,2,0,62,1,0,False,473.375
0,3,2,0,62,4,0,False,432.25
0,3,2,0,63,1,0,False,461.5
0,3,2,0,63,4,0,False,457.2916667
0,3,2,0,64,1,0,False,387
0,3,2,0,64,4,0,False,353.2916667
0,3,2,0,65,1,0,False,412.125
0,3,2,0,65,4,0,False,378.125
0,3,2,0,66,1,0,False,397
0,3,2,0,66,4,0,False,374.6666667
0,3,2,0,67,1,0,False,439.375
0,3,2,0,67,4,0,False,415.4583333
0,3,2,0,68,1,0,False,400
0,3,2,0,68,4,0,False,366.875
0,3,2,0,69,1,0,False,416.25
0,3,2,0,69,3,0,False,113.875
0,3,2,0,69,4,0,False,393.8333333
0,3,2,0,70,1,0,True,374.625
0,3,2,0,70,1,2,True,403
0,3,2,0,70,1,3,False,457.5
0,3,2,0,70,3,0,True,106.25
0,3,2,0,70,3,2,True,94
0,3,2,0,70,3,3,False,97
0,3,2,0,70,4,0,True,333
0,3,2,0,70,4,2,True,361.0416667
0,3,2,0,70,4,3,False,421.125
0,3,2,1,59,1,0,False,706.4166667
0,3,2,1,59,4,0,False,595.9166667
0,3,2,1,59,6,0,False,248.0833333
0,3,2,1,60,1,0,False,626.0833333
0,3,2,1,60,4,0,False,554.625
0,3,2,1,60,6,0,True,92.58333333
0,3,2,1,60,6,2,True,95.66666667
0,3,2,1,60,6,3,False,256.8333333
0,3,2,1,60,6,4,False,225.25
0,3,2,1,61,1,0,False,672.75
0,3,2,1,61,4,0,False,551.7083333
0,3,2,1,62,1,0,False,621.8333333
0,3,2,1,62,4,0,False,551.375
0,3,2,1,63,1,0,False,643.4166667
0,3,2,1,63,4,0,False,581.2916667
0,3,2,1,64,1,0,False,574.6666667
0,3,2,1,64,4,0,False,495.25
0,3,2,1,65,1,0,False,591.0833333
0,3,2,1,65,4,0,False,502.875
0,3,2,1,66,1,0,False,580.5
0,3,2,1,66,4,0,False,512.9583333
0,3,2,1,67,1,0,False,635.3333333
0,3,2,1,67,4,0,False,531.875
0,3,2,1,68,1,0,False,576.8333333
0,3,2,1,68,4,0,False,491.5833333
0,3,2,1,69,1,0,False,580.8333333
0,3,2,1,69,3,0,False,185.9166667
0,3,2,1,69,4,0,False,511.0833333
0,3,2,1,69,5,0,False,748.1666667
0,3,2,1,70,1,0,True,537.0833333
0,3,2,1,70,1,2,True,592.8333333
0,3,2,1,70,1,3,False,644.9166667
0,3,2,1,70,1,4,False,599.1666667
0,3,2,1,70,3,0,True,156.8333333
0,3,2,1,70,3,2,True,145.75
0,3,2,1,70,3,3,False,178
0,3,2,1,70,3,4,False,186.0833333
0,3,2,1,70,4,0,True,431.3333333
0,3,2,1,70,4,2,True,456.25
0,3,2,1,70,4,3,False,533.5833333
0,3,2,1,70,4,4,False,547.2916667
0,3,2,1,70,5,0,False,757.9166667
0,3,2,1,71,5,0,False,755.25
0,3,2,1,72,5,0,False,730.8333333
0,3,2,1,73,5,0,False,714.9166667
0,3,2,1,74,5,0,False,741
0,3,2,1,75,5,0,False,722.3333333
0,3,2,1,76,5,0,False,704.4166667
0,3,2,1,77,5,0,False,717.5
0,3,2,1,78,5,0,False,741.8333333
0,3,2,1,79,5,0,False,713.3333333
0,3,2,1,80,5,0,True,102.4166667
0,3,2,1,80,5,2,False,755.6666667
0,3,2,1,80,5,3,False,777.3333333
0,3,2,1,80,5,4,True,103.8333333
0,3,2,0,59,1,0,False,521.6944444
0,3,2,0,59,2,0,False,1517.083333
0,3,2,0,59,4,0,False,474.6388889
0,3,2,0,59,6,0,False,142.5
0,3,2,0,60,1,0,False,441
0,3,2,0,60,2,0,False,1159.638889
0,3,2,0,60,4,0,False,411.6111111
0,3,2,0,60,6,0,True,88.69444444
0,3,2,0,60,6,2,True,83.94444444
0,3,2,0,60,6,3,False,133.1944444
0,3,2,0,61,1,0,False,459.6666667
0,3,2,0,61,2,0,False,1291.166667
0,3,2,0,61,4,0,False,442.2083333
0,3,2,0,62,1,0,False,473.4166667
0,3,2,0,62,2,0,False,1236.083333
0,3,2,0,62,4,0,False,438.4861111
0,3,2,0,63,1,0,False,475.3055556
0,3,2,0,63,2,0,False,1318.361111
0,3,2,0,63,4,0,False,459.7222222
0,3,2,0,64,1,0,False,390.5277778
0,3,2,0,64,2,0,False,1024.027778
0,3,2,0,64,4,0,False,354.1666667
0,3,2,0,65,1,0,False,413.1666667
0,3,2,0,65,2,0,False,1109.277778
0,3,2,0,65,4,0,False,389.3055556
0,3,2,0,66,1,0,False,396.3055556
0,3,2,0,66,2,0,False,1117.138889
0,3,2,0,66,4,0,False,382.7361111
0,3,2,0,67,1,0,False,422
0,3,2,0,67,2,0,False,1228.472222
0,3,2,0,67,4,0,False,420.0972222
0,3,2,0,68,1,0,False,386.25
0,3,2,0,68,2,0,False,901.3611111
0,3,2,0,68,4,0,False,365.9722222
0,3,2,0,69,1,0,False,419.3333333
0,3,2,0,69,2,0,False,1015.277778
0,3,2,0,69,3,0,False,107.0277778
0,3,2,0,69,4,0,False,401.8333333
0,3,2,0,70,1,0,True,376.4166667
0,3,2,0,70,1,2,True,415.1388889
0,3,2,0,70,1,3,False,442.75
0,3,2,0,70,2,0,False,1009.916667
0,3,2,0,70,3,0,True,99.41666667
0,3,2,0,70,3,2,True,96.27777778
0,3,2,0,70,3,3,False,99.80555556
0,3,2,0,70,4,0,True,345.8611111
0,3,2,0,70,4,2,True,371.875
0,3,2,0,70,4,3,False,433.1388889
0,3,2,0,71,2,0,False,1123.694444
0,3,2,0,72,2,0,False,1067.611111
0,3,2,0,73,2,0,False,1249.527778
0,3,2,0,74,2,0,False,1189.444444
0,3,2,0,75,2,0,False,1342.25
0,3,2,0,76,2,0,False,1001.944444
0,3,2,0,77,2,0,False,1128.833333
0,3,2,0,78,2,0,False,1107.888889
0,3,2,0,79,2,0,False,1272.694444
0,3,2,0,80,2,0,True,119.8333333
0,3,2,0,80,2,2,True,316.5833333
0,3,2,0,80,2,3,True,127.8333333
0,3,2,1,59,1,0,False,688.625
0,3,2,1,59,2,0,False,1721.236111
0,3,2,1,59,4,0,False,588.4916667
0,3,2,1,59,6,0,False,259.5277778
0,3,2,1,60,1,0,False,630.9166667
0,3,2,1,60,2,0,False,1308.680556
0,3,2,1,60,4,0,False,550.225
0,3,2,1,60,6,0,True,90.66666667
0,3,2,1,60,6,2,True,91.625
0,3,2,1,60,6,3,False,241.7638889
0,3,2,1,60,6,4,False,226.0833333
0,3,2,1,61,1,0,False,645.9722222
0,3,2,1,61,2,0,False,1430.569444
0,3,2,1,61,4,0,False,566.8166667
0,3,2,1,62,1,0,False,657.125
0,3,2,1,62,2,0,False,1390.652778
0,3,2,1,62,4,0,False,574.3916667
0,3,2,1,63,1,0,False,667.4861111
0,3,2,1,63,2,0,False,1448.625
0,3,2,1,63,4,0,False,585.7666667
0,3,2,1,64,1,0,False,575.9861111
0,3,2,1,64,2,0,False,1195.416667
0,3,2,1,64,4,0,False,494.675
0,3,2,1,65,1,0,False,611.1388889
0,3,2,1,65,2,0,False,1303.472222
0,3,2,1,65,4,0,False,515.975
0,3,2,1,66,1,0,False,608.9722222
0,3,2,1,66,2,0,False,1314.319444
0,3,2,1,66,4,0,False,510.9083333
0,3,2,1,67,1,0,False,645.7222222
0,3,2,1,67,2,0,False,1459.666667
0,3,2,1,67,4,0,False,548.0166667
0,3,2,1,68,1,0,False,590.8472222
0,3,2,1,68,2,0,False,1112.236111
0,3,2,1,68,4,0,False,503.9833333
0,3,2,1,69,1,0,False,614.9861111
0,3,2,1,69,2,0,False,1226.513889
0,3,2,1,69,3,0,False,189.8888889
0,3,2,1,69,4,0,False,530.225
0,3,2,1,69,5,0,False,757.9166667
0,3,2,1,70,1,0,True,554.0416667
0,3,2,1,70,1,2,True,609.0972222
0,3,2,1,70,1,3,False,642.6527778
0,3,2,1,70,1,4,False,640.75
0,3,2,1,70,2,0,False,1231.486111
0,3,2,1,70,3,0,True,160.4027778
0,3,2,1,70,3,2,True,152.6111111
0,3,2,1,70,3,3,False,176.6805556
0,3,2,1,70,3,4,False,190.0833333
0,3,2,1,70,4,0,True,444.475
0,3,2,1,70,4,2,True,474.9666667
0,3,2,1,70,4,3,False,571.8333333
0,3,2,1,70,4,4,False,557.3333333
0,3,2,1,70,5,0,False,760.3611111
0,3,2,1,71,2,0,False,1345.888889
0,3,2,1,71,5,0,False,761.2361111
0,3,2,1,72,2,0,False,1291.125
0,3,2,1,72,5,0,False,757.0972222
0,3,2,1,73,2,0,False,1480.027778
0,3,2,1,73,5,0,False,729.4305556
0,3,2,1,74,2,0,False,1425.486111
0,3,2,1,74,5,0,False,747.4583333
0,3,2,1,75,2,0,False,1560.805556
0,3,2,1,75,5,0,False,756.75
0,3,2,1,76,2,0,False,1181.194444
0,3,2,1,76,5,0,False,743.7638889
0,3,2,1,77,2,0,False,1324.958333
0,3,2,1,77,5,0,False,747.3055556
0,3,2,1,78,2,0,False,1316.541667
0,3,2,1,78,5,0,False,740.7222222
0,3,2,1,79,2,0,False,1484.555556
0,3,2,1,79,5,0,False,746.1527778
0,3,2,1,80,2,0,True,127.4305556
0,3,2,1,80,2,2,True,387.3888889
0,3,2,1,80,2,3,True,134.6111111
0,3,2,1,80,2,4,False,1394.847222
0,3,2,1,80,5,0,True,101.3333333
0,3,2,1,80,5,2,False,798.625
0,3,2,1,80,5,3,False,782.8888889
0,3,2,1,80,5,4,True,101.6805556
1,1,2,0,59,2,0,False,35478.3125
1,1,2,0,59,6,0,False,1719.229167
1,1,2,0,60,2,0,False,24690.5
1,1,2,0,60,6,0,False,1196.5625
1,1,2,0,61,2,0,False,28678.22917
1,1,2,0,61,6,0,False,1255.958333
1,1,2,0,62,2,0,False,27198.83333
1,1,2,0,62,6,0,False,1202.75
1,1,2,0,63,2,0,False,29408.0625
1,1,2,0,63,6,0,False,1260.4375
1,1,2,0,64,2,0,False,21949.35417
1,1,2,0,64,6,0,False,1168.3125
1,1,2,0,65,2,0,False,26256.45833
1,1,2,0,65,6,0,False,1236.5
1,1,2,0,66,2,0,False,25369.6875
1,1,2,0,66,6,0,False,1279.895833
1,1,2,0,67,2,0,False,29925.04167
1,1,2,0,67,6,0,False,1483.791667
1,1,2,0,68,2,0,False,19271.29167
1,1,2,0,68,6,0,False,1078.770833
1,1,2,0,69,2,0,False,22848.75
1,1,2,0,69,3,0,False,465.8541667
1,1,2,0,69,6,0,False,1105.9375
1,1,2,0,70,2,0,False,21991.9375
1,1,2,0,70,3,0,False,476.7708333
1,1,2,0,70,6,0,False,1165.1875
1,1,2,0,71,2,0,False,25994
1,1,2,0,71,3,0,False,444.125
1,1,2,0,71,6,0,False,1328.125
1,1,2,0,72,2,0,False,24081.77083
1,1,2,0,72,3,0,False,462.2708333
1,1,2,0,72,6,0,False,1268.479167
1,1,2,0,73,2,0,False,29144.60417
1,1,2,0,73,3,0,False,431.1875
1,1,2,0,73,6,0,False,1409.395833
1,1,2,0,74,2,0,False,27501.9375
1,1,2,0,74,3,0,False,467.5625
1,1,2,0,74,6,0,False,1352.958333
1,1,2,0,75,2,0,False,31956.75
1,1,2,0,75,3,0,False,442.375
1,1,2,0,75,6,0,False,1573.5625
1,1,2,0,76,2,0,False,20463.4375
1,1,2,0,76,3,0,False,480.7916667
1,1,2,0,76,6,0,False,1128.020833
1,1,2,0,77,2,0,False,25185.47917
1,1,2,0,77,3,0,False,437.8333333
1,1,2,0,77,6,0,False,1250.604167
1,1,2,0,78,2,0,False,23841.14583
1,1,2,0,78,3,0,False,478.0833333
1,1,2,0,78,6,0,False,1217.3125
1,1,2,0,79,2,0,False,28590.20833
1,1,2,0,79,3,0,False,443.0416667
1,1,2,0,79,6,0,False,1407.333333
1,1,2,0,80,2,0,True,5465.270833
1,1,2,0,80,2,1,True,5927.4375
1,1,2,0,80,2,2,False,27858.77083
1,1,2,0,80,2,3,False,29312.47917
1,1,2,0,80,3,0,True,92.33333333
1,1,2,0,80,3,1,True,91.35416667
1,1,2,0,80,3,2,False,477.7083333
1,1,2,0,80,3,3,False,470.4166667
1,1,2,0,80,6,0,True,333.0208333
1,1,2,0,80,6,1,True,335.9375
1,1,2,0,80,6,2,False,1394.583333
1,1,2,0,80,6,3,False,1434.625
1,1,2,1,59,2,0,False,40353.88889
1,1,2,1,59,6,0,False,4476.416667
1,1,2,1,60,2,0,False,28170.11111
1,1,2,1,60,6,0,False,3407.333333
1,1,2,1,61,2,0,False,31292.38889
1,1,2,1,61,6,0,False,3331.222222
1,1,2,1,62,2,0,False,30704.22222
1,1,2,1,62,6,0,False,3418.722222
1,1,2,1,63,2,0,False,32320.66667
1,1,2,1,63,6,0,False,3304.416667
1,1,2,1,64,2,0,False,27020.27778
1,1,2,1,64,6,0,False,3243.833333
1,1,2,1,65,2,0,False,31143.47222
1,1,2,1,65,6,0,False,3505.777778
1,1,2,1,66,2,0,False,30776.72222
1,1,2,1,66,6,0,False,3630.583333
1,1,2,1,67,2,0,False,35298.80556
1,1,2,1,67,6,0,False,3996.944444
1,1,2,1,68,2,0,False,24020.19444
1,1,2,1,68,6,0,False,3008.138889
1,1,2,1,69,2,0,False,27255.55556
1,1,2,1,69,3,0,False,1560.305556
1,1,2,1,69,5,0,False,8812.222222
1,1,2,1,69,6,0,False,3094.972222
1,1,2,1,70,2,0,False,26999.63889
1,1,2,1,70,3,0,False,1557.055556
1,1,2,1,70,5,0,False,8872.25
1,1,2,1,70,6,0,False,3136.416667
1,1,2,1,71,2,0,False,31141.61111
1,1,2,1,71,3,0,False,1522.944444
1,1,2,1,71,5,0,False,8882.138889
1,1,2,1,71,6,0,False,3598.555556
1,1,2,1,72,2,0,False,29333.25
1,1,2,1,72,3,0,False,1521.555556
1,1,2,1,72,5,0,False,8841.111111
1,1,2,1,72,6,0,False,3397.222222
1,1,2,1,73,2,0,False,34668.22222
1,1,2,1,73,3,0,False,1317.833333
1,1,2,1,73,5,0,False,8684.027778
1,1,2,1,73,6,0,False,3898.388889
1,1,2,1,74,2,0,False,32808.08333
1,1,2,1,74,3,0,False,1506.944444
1,1,2,1,74,5,0,False,8988.388889
1,1,2,1,74,6,0,False,3705.805556
1,1,2,1,75,2,0,False,37421.16667
1,1,2,1,75,3,0,False,1392.25
1,1,2,1,75,5,0,False,8798.722222
1,1,2,1,75,6,0,False,4176.805556
1,1,2,1,76,2,0,False,25194.55556
1,1,2,1,76,3,0,False,1537.055556
1,1,2,1,76,5,0,False,8792.972222
1,1,2,1,76,6,0,False,3098.5
1,1,2,1,77,2,0,False,29798.02778
1,1,2,1,77,3,0,False,1323.611111
1,1,2,1,77,5,0,False,8758.444444
1,1,2,1,77,6,0,False,3379.25
1,1,2,1,78,2,0,False,28727.22222
1,1,2,1,78,3,0,False,1529.777778
1,1,2,1,78,5,0,False,8900.583333
1,1,2,1,78,6,0,False,3321.638889
1,1,2,1,79,2,0,False,33975.33333
1,1,2,1,79,3,0,False,1461.916667
1,1,2,1,79,5,0,False,8895.416667
1,1,2,1,79,6,0,False,3782.833333
1,1,2,1,80,2,0,True,6619.138889
1,1,2,1,80,2,1,True,6903.833333
1,1,2,1,80,2,2,False,33476.13889
1,1,2,1,80,2,3,False,35103.25
1,1,2,1,80,2,4,False,31005.86111
1,1,2,1,80,3,0,True,115.9444444
1,1,2,1,80,3,1,True,115.6666667
1,1,2,1,80,3,2,False,1461.944444
1,1,2,1,80,3,3,False,1380.361111
1,1,2,1,80,3,4,False,1556.555556
1,1,2,1,80,5,0,False,8744.083333
1,1,2,1,80,6,0,True,843.1944444
1,1,2,1,80,6,1,True,882.8888889
1,1,2,1,80,6,2,False,3754.138889
1,1,2,1,80,6,3,False,3872.194444
1,1,2,1,80,6,4,False,3535.5
1,1,2,1,81,5,0,False,8469.611111
1,1,2,1,82,5,0,False,8772.416667
1,1,2,1,83,5,0,False,8603.527778
1,1,2,1,84,5,0,False,8788.916667
1,1,2,1,85,5,0,False,8452.833333
1,1,2,1,86,5,0,False,8802.611111
1,1,2,1,87,5,0,False,8622.666667
1,1,2,1,88,5,0,False,8761.166667
1,1,2,1,89,5,0,False,8645.388889
1,1,2,1,90,5,0,True,81.88888889
1,1,2,1,90,5,1,True,1433.027778
1,1,2,1,90,5,2,False,10424.47222
1,1,2,1,90,5,3,False,9327.916667
1,1,2,1,90,5,4,True,84.72222222
1,2,2,0,59,1,0,False,15105.91667
1,2,2,0,59,2,0,False,35231.43333
1,2,2,0,59,4,0,False,951.8333333
1,2,2,0,59,6,0,False,1703.1
1,2,2,0,60,1,0,False,10599.27778
1,2,2,0,60,2,0,False,24628.88333
1,2,2,0,60,4,0,False,882.3333333
1,2,2,0,60,6,0,False,1168.716667
1,2,2,0,61,1,0,False,12062.36111
1,2,2,0,61,2,0,False,28386.73333
1,2,2,0,61,4,0,False,927.1944444
1,2,2,0,61,6,0,False,1241.9
1,2,2,0,62,1,0,False,11614.97222
1,2,2,0,62,2,0,False,27104.53333
1,2,2,0,62,4,0,False,921.4722222
1,2,2,0,62,6,0,False,1217.883333
1,2,2,0,63,1,0,False,12824.38889
1,2,2,0,63,2,0,False,29260.85
1,2,2,0,63,4,0,False,952.1388889
1,2,2,0,63,6,0,False,1215.6
1,2,2,0,64,1,0,False,9324.944444
1,2,2,0,64,2,0,False,21867.43333
1,2,2,0,64,4,0,False,737.0555556
1,2,2,0,64,6,0,False,1151.7
1,2,2,0,65,1,0,False,11079.16667
1,2,2,0,65,2,0,False,26133.13333
1,2,2,0,65,4,0,False,795.4166667
1,2,2,0,65,6,0,False,1243.216667
1,2,2,0,66,1,0,False,10866.77778
1,2,2,0,66,2,0,False,25322.6
1,2,2,0,66,4,0,False,790.6944444
1,2,2,0,66,6,0,False,1267.633333
1,2,2,0,67,1,0,False,12906.52778
1,2,2,0,67,2,0,False,29747.25
1,2,2,0,67,4,0,False,834.6111111
1,2,2,0,67,6,0,False,1472.266667
1,2,2,0,68,1,0,False,8803.194444
1,2,2,0,68,2,0,False,19010.85
1,2,2,0,68,4,0,False,738.8888889
1,2,2,0,68,6,0,False,1065.383333
1,2,2,0,69,1,0,False,10437.83333
1,2,2,0,69,2,0,False,22603.08333
1,2,2,0,69,3,0,False,455.2833333
1,2,2,0,69,4,0,False,824.2222222
1,2,2,0,69,6,0,False,1102.466667
1,2,2,0,70,1,0,False,10025.77778
1,2,2,0,70,2,0,False,21829.18333
1,2,2,0,70,3,0,False,473.5166667
1,2,2,0,70,4,0,True,403.9444444
1,2,2,0,70,4,1,False,908.25
1,2,2,0,70,4,2,True,462.4444444
1,2,2,0,70,4,3,False,937.6666667
1,2,2,0,70,6,0,False,1166.95
1,2,2,0,71,1,0,False,11753.94444
1,2,2,0,71,2,0,False,25648.31667
1,2,2,0,71,3,0,False,434.8333333
1,2,2,0,71,6,0,False,1305
1,2,2,0,72,1,0,False,10487.5
1,2,2,0,72,2,0,False,23891.51667
1,2,2,0,72,3,0,False,456.6833333
1,2,2,0,72,6,0,False,1227.066667
1,2,2,0,73,1,0,False,12919.16667
1,2,2,0,73,2,0,False,28885.4
1,2,2,0,73,3,0,False,414.85
1,2,2,0,73,6,0,False,1391.7
1,2,2,0,74,1,0,False,12246.88889
1,2,2,0,74,2,0,False,27252.78333
1,2,2,0,74,3,0,False,455.9
1,2,2,0,74,6,0,False,1324.883333
1,2,2,0,75,1,0,False,14634.22222
1,2,2,0,75,2,0,False,31755.55
1,2,2,0,75,3,0,False,427.35
1,2,2,0,75,6,0,False,1568.15
1,2,2,0,76,1,0,False,9649.305556
1,2,2,0,76,2,0,False,20316.65
1,2,2,0,76,3,0,False,460.05
1,2,2,0,76,6,0,False,1124.8
1,2,2,0,77,1,0,False,11680.27778
1,2,2,0,77,2,0,False,24790.21667
1,2,2,0,77,3,0,False,422.2833333
1,2,2,0,77,6,0,False,1224.9
1,2,2,0,78,1,0,False,11226.25
1,2,2,0,78,2,0,False,23479
1,2,2,0,78,3,0,False,471.9833333
1,2,2,0,78,6,0,False,1191.583333
1,2,2,0,79,1,0,False,13372.08333
1,2,2,0,79,2,0,False,28241.26667
1,2,2,0,79,3,0,False,434.45
1,2,2,0,79,6,0,False,1377.25
1,2,2,0,80,1,0,False,10009.22222
1,2,2,0,80,2,0,True,5507.5
1,2,2,0,80,2,1,True,5922.533333
1,2,2,0,80,2,2,False,27633.43333
1,2,2,0,80,2,3,False,29100.45
1,2,2,0,80,3,0,True,91.1
1,2,2,0,80,3,1,True,86.88333333
1,2,2,0,80,3,2,False,472.35
1,2,2,0,80,3,3,False,465.8333333
1,2,2,0,80,6,0,True,324.35
1,2,2,0,80,6,1,True,334.1
1,2,2,0,80,6,2,False,1372.45
1,2,2,0,80,6,3,False,1422.133333
1,2,2,0,81,1,0,False,12243.33333
1,2,2,0,82,1,0,False,12013.69444
1,2,2,0,83,1,0,False,13958.72222
1,2,2,0,84,1,0,False,9265.694444
1,2,2,0,85,1,0,False,11109.94444
1,2,2,0,86,1,0,False,10743.11111
1,2,2,0,87,1,0,False,12694.27778
1,2,2,0,88,1,0,False,10967.30556
1,2,2,0,89,1,0,False,12809.38889
1,2,2,0,90,1,0,True,229.9444444
1,2,2,0,90,1,1,True,5484.194444
1,2,2,0,90,1,2,True,248.0277778
1,2,2,0,90,1,3,False,14678.44444
1,2,2,1,59,1,0,False,21354.875
1,2,2,1,59,2,0,False,40048.25
1,2,2,1,59,4,0,False,1250.375
1,2,2,1,59,6,0,False,4488.309524
1,2,2,1,60,1,0,False,16957.66667
1,2,2,1,60,2,0,False,28181.65476
1,2,2,1,60,4,0,False,1205.145833
1,2,2,1,60,6,0,False,3310.369048
1,2,2,1,61,1,0,False,17870.70833
1,2,2,1,61,2,0,False,31158.75
1,2,2,1,61,4,0,False,1200.208333
1,2,2,1,61,6,0,False,3308.238095
1,2,2,1,62,1,0,False,17725.58333
1,2,2,1,62,2,0,False,30506.29762
1,2,2,1,62,4,0,False,1215.791667
1,2,2,1,62,6,0,False,3405.119048
1,2,2,1,63,1,0,False,18380
1,2,2,1,63,2,0,False,31941.02381
1,2,2,1,63,4,0,False,1202.395833
1,2,2,1,63,6,0,False,3289.119048
1,2,2,1,64,1,0,False,15591.79167
1,2,2,1,64,2,0,False,26735.91667
1,2,2,1,64,4,0,False,1045.0625
1,2,2,1,64,6,0,False,3233.369048
1,2,2,1,65,1,0,False,17312.20833
1,2,2,1,65,2,0,False,30919.05952
1,2,2,1,65,4,0,False,1122.104167
1,2,2,1,65,6,0,False,3484.25
1,2,2,1,66,1,0,False,17394.375
1,2,2,1,66,2,0,False,30479.69048
1,2,2,1,66,4,0,False,1085.791667
1,2,2,1,66,6,0,False,3533.380952
1,2,2,1,67,1,0,False,19236.75
1,2,2,1,67,2,0,False,35290.02381
1,2,2,1,67,4,0,False,1169.583333
1,2,2,1,67,6,0,False,4002.761905
1,2,2,1,68,1,0,False,14948.95833
1,2,2,1,68,2,0,False,23673.71429
1,2,2,1,68,4,0,False,1063.458333
1,2,2,1,68,6,0,False,2943.964286
1,2,2,1,69,1,0,False,16339.39583
1,2,2,1,69,2,0,False,27162.22619
1,2,2,1,69,3,0,False,1518.964286
1,2,2,1,69,4,0,False,1115.291667
1,2,2,1,69,5,0,False,8747.297619
1,2,2,1,69,6,0,False,3066.702381
1,2,2,1,70,1,0,False,16229.91667
1,2,2,1,70,2,0,False,26857.66667
1,2,2,1,70,3,0,False,1506.702381
1,2,2,1,70,4,0,True,509.75
1,2,2,1,70,4,1,False,1185.958333
1,2,2,1,70,4,2,True,552.7916667
1,2,2,1,70,4,3,False,1233.229167
1,2,2,1,70,4,4,False,1187.6875
1,2,2,1,70,5,0,False,8981.309524
1,2,2,1,70,6,0,False,3139.214286
1,2,2,1,71,1,0,False,17921.52083
1,2,2,1,71,2,0,False,31048.65476
1,2,2,1,71,3,0,False,1460.738095
1,2,2,1,71,5,0,False,8829.785714
1,2,2,1,71,6,0,False,3572.011905
1,2,2,1,72,1,0,False,17133.4375
1,2,2,1,72,2,0,False,28989.60714
1,2,2,1,72,3,0,False,1480.27381
1,2,2,1,72,5,0,False,8858.630952
1,2,2,1,72,6,0,False,3444.392857
1,2,2,1,73,1,0,False,19513.375
1,2,2,1,73,2,0,False,34327.72619
1,2,2,1,73,3,0,False,1297.511905
1,2,2,1,73,5,0,False,8621.404762
1,2,2,1,73,6,0,False,3830.369048
1,2,2,1,74,1,0,False,19059.16667
1,2,2,1,74,2,0,False,32804.53571
1,2,2,1,74,3,0,False,1477.059524
1,2,2,1,74,5,0,False,8958.75
1,2,2,1,74,6,0,False,3734.583333
1,2,2,1,75,1,0,False,21215.10417
1,2,2,1,75,2,0,False,37388.52381
1,2,2,1,75,3,0,False,1361.72619
1,2,2,1,75,5,0,False,8815.285714
1,2,2,1,75,6,0,False,4192.309524
1,2,2,1,76,1,0,False,15996.91667
1,2,2,1,76,2,0,False,25032.92857
1,2,2,1,76,3,0,False,1499.809524
1,2,2,1,76,5,0,False,8864.928571
1,2,2,1,76,6,0,False,3090.22619
1,2,2,1,77,1,0,False,17889.27083
1,2,2,1,77,2,0,False,29347.09524
1,2,2,1,77,3,0,False,1305.97619
1,2,2,1,77,5,0,False,8737.761905
1,2,2,1,77,6,0,False,3362.130952
1,2,2,1,78,1,0,False,17562.35417
1,2,2,1,78,2,0,False,28582.16667
1,2,2,1,78,3,0,False,1496.654762
1,2,2,1,78,5,0,False,8956.547619
1,2,2,1,78,6,0,False,3317.333333
1,2,2,1,79,1,0,False,19533.47917
1,2,2,1,79,2,0,False,33535.94048
1,2,2,1,79,3,0,False,1428.654762
1,2,2,1,79,5,0,False,8872.52381
1,2,2,1,79,6,0,False,3786.916667
1,2,2,1,80,1,0,False,16578.66667
1,2,2,1,80,2,0,True,6498.678571
1,2,2,1,80,2,1,True,6873.357143
1,2,2,1,80,2,2,False,33036.5119
1,2,2,1,80,2,3,False,34739.78571
1,2,2,1,80,2,4,False,30918.0119
1,2,2,1,80,3,0,True,115.5238095
1,2,2,1,80,3,1,True,113.1190476
1,2,2,1,80,3,2,False,1410.690476
1,2,2,1,80,3,3,False,1344.845238
1,2,2,1,80,3,4,False,1517.904762
1,2,2,1,80,5,0,False,8803.607143
1,2,2,1,80,6,0,True,820.8214286
1,2,2,1,80,6,1,True,869.3690476
1,2,2,1,80,6,2,False,3766.571429
1,2,2,1,80,6,3,False,3902.880952
1,2,2,1,80,6,4,False,3522.535714
1,2,2,1,81,1,0,False,18419.5625
1,2,2,1,81,5,0,False,8581.642857
1,2,2,1,82,1,0,False,18776.54167
1,2,2,1,82,5,0,False,8835.535714
1,2,2,1,83,1,0,False,20564.22917
1,2,2,1,83,5,0,False,8636.142857
1,2,2,1,84,1,0,False,15453.64583
1,2,2,1,84,5,0,False,8829.809524
1,2,2,1,85,1,0,False,16927.20833
1,2,2,1,85,5,0,False,8580.047619
1,2,2,1,86,1,0,False,17082.95833
1,2,2,1,86,5,0,False,8876.035714
1,2,2,1,87,1,0,False,19013.91667
1,2,2,1,87,5,0,False,8657.702381
1,2,2,1,88,1,0,False,17723.72917
1,2,2,1,88,5,0,False,8813.011905
1,2,2,1,89,1,0,False,19083.83333
1,2,2,1,89,5,0,False,8585.392857
1,2,2,1,90,1,0,True,309.6666667
1,2,2,1,90,1,1,True,8595.3125
1,2,2,1,90,1,2,True,320.9791667
1,2,2,1,90,1,3,False,22622.47917
1,2,2,1,90,1,4,False,20320.8125
1,2,2,1,90,5,0,True,85.05952381
1,2,2,1,90,5,1,True,1434.702381
1,2,2,1,90,5,2,False,10322.02381
1,2,2,1,90,5,3,False,9352.27381
1,2,2,1,90,5,4,True,84.33333333
1,3,2,0,59,1,0,False,15616.47222
1,3,2,0,59,2,0,False,35540.36111
1,3,2,0,59,4,0,False,955.5833333
1,3,2,0,59,6,0,False,1669.527778
1,3,2,0,60,1,0,False,11175.38889
1,3,2,0,60,2,0,False,24691.58333
1,3,2,0,60,4,0,False,865.4166667
1,3,2,0,60,6,0,False,1151.444444
1,3,2,0,61,1,0,False,12617.86111
1,3,2,0,61,2,0,False,28355.41667
1,3,2,0,61,4,0,False,942.8333333
1,3,2,0,61,6,0,False,1202.305556
1,3,2,0,62,1,0,False,12199.22222
1,3,2,0,62,2,0,False,27208.77778
1,3,2,0,62,4,0,False,895.3541667
1,3,2,0,62,6,0,False,1187
1,3,2,0,63,1,0,False,13551.11111
1,3,2,0,63,2,0,False,29315.25
1,3,2,0,63,4,0,False,937.2083333
1,3,2,0,63,6,0,False,1189.972222
1,3,2,0,64,1,0,False,9836.805556
1,3,2,0,64,2,0,False,22089
1,3,2,0,64,4,0,False,732.2708333
1,3,2,0,64,6,0,False,1128.833333
1,3,2,0,65,1,0,False,11583.44444
1,3,2,0,65,2,0,False,26265.80556
1,3,2,0,65,4,0,False,782.1458333
1,3,2,0,65,6,0,False,1176.361111
1,3,2,0,66,1,0,False,11422.27778
1,3,2,0,66,2,0,False,25321.30556
1,3,2,0,66,4,0,False,783.1875
1,3,2,0,66,6,0,False,1220.305556
1,3,2,0,67,1,0,False,13531.25
1,3,2,0,67,2,0,False,29873.52778
1,3,2,0,67,4,0,False,833.9583333
1,3,2,0,67,6,0,False,1416.888889
1,3,2,0,68,1,0,False,9286.666667
1,3,2,0,68,2,0,False,19076.69444
1,3,2,0,68,4,0,False,728.1875
1,3,2,0,68,6,0,False,1046.194444
1,3,2,0,69,1,0,False,11055.88889
1,3,2,0,69,2,0,False,22697.61111
1,3,2,0,69,3,0,False,443.25
1,3,2,0,69,4,0,False,802.3333333
1,3,2,0,69,6,0,False,1052.611111
1,3,2,0,70,1,0,False,10450.52778
1,3,2,0,70,2,0,False,21929.41667
1,3,2,0,70,3,0,False,465.9722222
1,3,2,0,70,4,0,True,395.9166667
1,3,2,0,70,4,1,False,880.0208333
1,3,2,0,70,4,2,True,441.625
1,3,2,0,70,4,3,False,878.125
1,3,2,0,70,6,0,False,1110.583333
1,3,2,0,71,1,0,False,12458
1,3,2,0,71,2,0,False,25939.36111
1,3,2,0,71,3,0,False,428.2777778
1,3,2,0,71,6,0,False,1260.638889
1,3,2,0,72,1,0,False,11022.75
1,3,2,0,72,2,0,False,24071.83333
1,3,2,0,72,3,0,False,469.25
1,3,2,0,72,6,0,False,1221.055556
1,3,2,0,73,1,0,False,13506.58333
1,3,2,0,73,2,0,False,28894.08333
1,3,2,0,73,3,0,False,426.3888889
1,3,2,0,73,6,0,False,1336.75
1,3,2,0,74,1,0,False,12918.13889
1,3,2,0,74,2,0,False,27155.75
1,3,2,0,74,3,0,False,459.4166667
1,3,2,0,74,6,0,False,1288.138889
1,3,2,0,75,1,0,False,15422.69444
1,3,2,0,75,2,0,False,31665.02778
1,3,2,0,75,3,0,False,430.6388889
1,3,2,0,75,6,0,False,1523.638889
1,3,2,0,76,1,0,False,10253.80556
1,3,2,0,76,2,0,False,20351.91667
1,3,2,0,76,3,0,False,453.6666667
1,3,2,0,76,6,0,False,1087.583333
1,3,2,0,77,1,0,False,12401.02778
1,3,2,0,77,2,0,False,24788.55556
1,3,2,0,77,3,0,False,430.8333333
1,3,2,0,77,6,0,False,1179.333333
1,3,2,0,78,1,0,False,11979.58333
1,3,2,0,78,2,0,False,23830.25
1,3,2,0,78,3,0,False,472
1,3,2,0,78,6,0,False,1148.388889
1,3,2,0,79,1,0,False,14080.80556
1,3,2,0,79,2,0,False,28434.25
1,3,2,0,79,3,0,False,429.1111111
1,3,2,0,79,6,0,False,1353.361111
1,3,2,0,80,1,0,False,10660.16667
1,3,2,0,80,2,0,True,5495.166667
1,3,2,0,80,2,1,True,5947.333333
1,3,2,0,80,2,2,False,27606.88889
1,3,2,0,80,2,3,False,29080.36111
1,3,2,0,80,3,0,True,95.83333333
1,3,2,0,80,3,1,True,88.30555556
1,3,2,0,80,3,2,False,477
1,3,2,0,80,3,3,False,458.5277778
1,3,2,0,80,6,0,True,318.2222222
1,3,2,0,80,6,1,True,330.0833333
1,3,2,0,80,6,2,False,1344.444444
1,3,2,0,80,6,3,False,1410.416667
1,3,2,0,81,1,0,False,13030.05556
1,3,2,0,82,1,0,False,12591.72222
1,3,2,0,83,1,0,False,14871.66667
1,3,2,0,84,1,0,False,9822.138889
1,3,2,0,85,1,0,False,11790.11111
1,3,2,0,86,1,0,False,11445.41667
1,3,2,0,87,1,0,False,13361.44444
1,3,2,0,88,1,0,False,11642.36111
1,3,2,0,89,1,0,False,13410.5
1,3,2,0,90,1,0,True,249.4166667
1,3,2,0,90,1,1,True,5746.388889
1,3,2,0,90,1,2,True,262.4166667
1,3,2,0,90,1,3,False,15422.55556
1,3,2,1,59,1,0,False,22241.48958
1,3,2,1,59,2,0,False,43504.25
1,3,2,1,59,4,0,False,1271.925
1,3,2,1,59,6,0,False,3848.635417
1,3,2,1,60,1,0,False,17555.98958
1,3,2,1,60,2,0,False,30808.26042
1,3,2,1,60,4,0,False,1229.133333
1,3,2,1,60,6,0,False,2850.375
1,3,2,1,61,1,0,False,18410.92708
1,3,2,1,61,2,0,False,34018.71875
1,3,2,1,61,4,0,False,1251.65
1,3,2,1,61,6,0,False,2844.260417
1,3,2,1,62,1,0,False,18422.45833
1,3,2,1,62,2,0,False,33321.9375
1,3,2,1,62,4,0,False,1250.883333
1,3,2,1,62,6,0,False,2946.09375
1,3,2,1,63,1,0,False,19091.48958
1,3,2,1,63,2,0,False,34839.08333
1,3,2,1,63,4,0,False,1261.808333
1,3,2,1,63,6,0,False,2846.802083
1,3,2,1,64,1,0,False,15925.64583
1,3,2,1,64,2,0,False,29289.05208
1,3,2,1,64,4,0,False,1092.008333
1,3,2,1,64,6,0,False,2796.114583
1,3,2,1,65,1,0,False,17885.10417
1,3,2,1,65,2,0,False,33805.53125
1,3,2,1,65,4,0,False,1133.716667
1,3,2,1,65,6,0,False,2996.385417
1,3,2,1,66,1,0,False,17973.48958
1,3,2,1,66,2,0,False,33244.0625
1,3,2,1,66,4,0,False,1127.183333
1,3,2,1,66,6,0,False,3051.927083
1,3,2,1,67,1,0,False,19897.85417
1,3,2,1,67,2,0,False,38404.65625
1,3,2,1,67,4,0,False,1185.366667
1,3,2,1,67,6,0,False,3455.427083
1,3,2,1,68,1,0,False,15442.38542
1,3,2,1,68,2,0,False,25661.40625
1,3,2,1,68,4,0,False,1088.008333
1,3,2,1,68,6,0,False,2576.041667
1,3,2,1,69,1,0,False,16789.88542
1,3,2,1,69,2,0,False,29482.25
1,3,2,1,69,3,0,False,1637.90625
1,3,2,1,69,4,0,False,1140.566667
1,3,2,1,69,5,0,False,8347.3125
1,3,2,1,69,6,0,False,2660.572917
1,3,2,1,70,1,0,False,16715.85417
1,3,2,1,70,2,0,False,28977.28125
1,3,2,1,70,3,0,False,1639.666667
1,3,2,1,70,4,0,True,522.1333333
1,3,2,1,70,4,1,False,1214.091667
1,3,2,1,70,4,2,True,569.0583333
1,3,2,1,70,4,3,False,1231.841667
1,3,2,1,70,4,4,False,1222.741667
1,3,2,1,70,5,0,False,8528.96875
1,3,2,1,70,6,0,False,2689.3125
1,3,2,1,71,1,0,False,18425.86458
1,3,2,1,71,2,0,False,33755.63542
1,3,2,1,71,3,0,False,1593.34375
1,3,2,1,71,5,0,False,8466.041667
1,3,2,1,71,6,0,False,3058.8125
1,3,2,1,72,1,0,False,17625.03125
1,3,2,1,72,2,0,False,31622.76042
1,3,2,1,72,3,0,False,1576.145833
1,3,2,1,72,5,0,False,8473.489583
1,3,2,1,72,6,0,False,2930.708333
1,3,2,1,73,1,0,False,20074.77083
1,3,2,1,73,2,0,False,37136.01042
1,3,2,1,73,3,0,False,1386.875
1,3,2,1,73,5,0,False,8337.5625
1,3,2,1,73,6,0,False,3309.479167
1,3,2,1,74,1,0,False,19798
1,3,2,1,74,2,0,False,35315.35417
1,3,2,1,74,3,0,False,1593.333333
1,3,2,1,74,5,0,False,8546.197917
1,3,2,1,74,6,0,False,3221.354167
1,3,2,1,75,1,0,False,21968.91667
1,3,2,1,75,2,0,False,40599.90625
1,3,2,1,75,3,0,False,1457.729167
1,3,2,1,75,5,0,False,8369.583333
1,3,2,1,75,6,0,False,3624.729167
1,3,2,1,76,1,0,False,16303.52083
1,3,2,1,76,2,0,False,27220.16667
1,3,2,1,76,3,0,False,1642.229167
1,3,2,1,76,5,0,False,8486.65625
1,3,2,1,76,6,0,False,2641.864583
1,3,2,1,77,1,0,False,18302.125
1,3,2,1,77,2,0,False,32210.0625
1,3,2,1,77,3,0,False,1381.333333
1,3,2,1,77,5,0,False,8339.510417
1,3,2,1,77,6,0,False,2900.583333
1,3,2,1,78,1,0,False,18168.90625
1,3,2,1,78,2,0,False,31247.83333
1,3,2,1,78,3,0,False,1617.197917
1,3,2,1,78,5,0,False,8533.53125
1,3,2,1,78,6,0,False,2862.46875
1,3,2,1,79,1,0,False,20222.64583
1,3,2,1,79,2,0,False,36771.88542
1,3,2,1,79,3,0,False,1547.479167
1,3,2,1,79,5,0,False,8481.3125
1,3,2,1,79,6,0,False,3270.666667
1,3,2,1,80,1,0,False,17158.77083
1,3,2,1,80,2,0,True,7088.239583
1,3,2,1,80,2,1,True,7486.739583
1,3,2,1,80,2,2,False,35904.19792
1,3,2,1,80,2,3,False,37800.47917
1,3,2,1,80,2,4,False,33720.28125
1,3,2,1,80,3,0,True,118.2916667
1,3,2,1,80,3,1,True,117.3958333
1,3,2,1,80,3,2,False,1543.1875
1,3,2,1,80,3,3,False,1483.916667
1,3,2,1,80,3,4,False,1648.666667
1,3,2,1,80,5,0,False,8388.552083
1,3,2,1,80,6,0,True,710.6354167
1,3,2,1,80,6,1,True,746.4895833
1,3,2,1,80,6,2,False,3254
1,3,2,1,80,6,3,False,3327.46875
1,3,2,1,80,6,4,False,3026.791667
1,3,2,1,81,1,0,False,19181.89583
1,3,2,1,81,5,0,False,8155.479167
1,3,2,1,82,1,0,False,19397.16667
1,3,2,1,82,5,0,False,8396.270833
1,3,2,1,83,1,0,False,21139.03125
1,3,2,1,83,5,0,False,8272.552083
1,3,2,1,84,1,0,False,16014.875
1,3,2,1,84,5,0,False,8400.104167
1,3,2,1,85,1,0,False,17491.75
1,3,2,1,85,5,0,False,8175.760417
1,3,2,1,86,1,0,False,17693.19792
1,3,2,1,86,5,0,False,8440.375
1,3,2,1,87,1,0,False,19670.23958
1,3,2,1,87,5,0,False,8238.229167
1,3,2,1,88,1,0,False,18298.10417
1,3,2,1,88,5,0,False,8391.197917
1,3,2,1,89,1,0,False,19702.94792
1,3,2,1,89,5,0,False,8222.3125
1,3,2,1,90,1,0,True,317.875
1,3,2,1,90,1,1,True,8812.604167
1,3,2,1,90,1,2,True,328.5208333
1,3,2,1,90,1,3,False,23376.26042
1,3,2,1,90,1,4,False,20750.82292
1,3,2,1,90,5,0,True,87.32291667
1,3,2,1,90,5,1,True,1393.291667
1,3,2,1,90,5,2,False,9928.385417
1,3,2,1,90,5,3,False,8954.65625
1,3,2,1,90,5,4,True,84.39583333
2,1,2,0,59,2,0,False,35755
2,1,2,0,59,6,0,False,1673.5
2,1,2,0,60,2,0,False,24781.75
2,1,2,0,60,6,0,False,1158.833333
2,1,2,0,61,2,0,False,28482.16667
2,1,2,0,61,6,0,False,1181.75
2,1,2,0,62,2,0,False,26956.83333
2,1,2,0,62,6,0,False,1173.333333
2,1,2,0,63,2,0,False,29323
2,1,2,0,63,6,0,False,1227.166667
2,1,2,0,64,2,0,False,22294.83333
2,1,2,0,64,6,0,False,1133.583333
2,1,2,0,65,2,0,False,26628.66667
2,1,2,0,65,6,0,False,1208.833333
2,1,2,0,66,2,0,False,25153
2,1,2,0,66,6,0,False,1270.416667
2,1,2,0,67,2,0,False,29889.91667
2,1,2,0,67,6,0,False,1438.166667
2,1,2,0,68,2,0,False,19152.25
2,1,2,0,68,6,0,False,1062.75
2,1,2,0,69,2,0,False,22427.66667
2,1,2,0,69,3,0,False,486.9166667
2,1,2,0,69,6,0,False,1097.166667
2,1,2,0,70,2,0,False,21676.83333
2,1,2,0,70,3,0,False,460.5833333
2,1,2,0,70,6,0,False,1090.5
2,1,2,0,71,2,0,False,25634.41667
2,1,2,0,71,3,0,False,420.0833333
2,1,2,0,71,6,0,False,1257.666667
2,1,2,0,72,2,0,False,23956.5
2,1,2,0,72,3,0,False,459.9166667
2,1,2,0,72,6,0,False,1200.25
2,1,2,0,73,2,0,False,29160.33333
2,1,2,0,73,3,0,False,411.0833333
2,1,2,0,73,6,0,False,1366.75
2,1,2,0,74,2,0,False,27455.91667
2,1,2,0,74,3,0,False,436.4166667
2,1,2,0,74,6,0,False,1341.25
2,1,2,0,75,2,0,False,32026.66667
2,1,2,0,75,3,0,False,414.4166667
2,1,2,0,75,6,0,False,1554.416667
2,1,2,0,76,2,0,False,20526.75
2,1,2,0,76,3,0,False,430.25
2,1,2,0,76,6,0,False,1098.25
2,1,2,0,77,2,0,False,25060.83333
2,1,2,0,77,3,0,False,407.1666667
2,1,2,0,77,6,0,False,1192.916667
2,1,2,0,78,2,0,False,23851.33333
2,1,2,0,78,3,0,False,448.0833333
2,1,2,0,78,6,0,False,1167.166667
2,1,2,0,79,2,0,False,28519.58333
2,1,2,0,79,3,0,False,413
2,1,2,0,79,6,0,False,1378.583333
2,1,2,0,80,2,0,True,5475
2,1,2,0,80,2,1,True,5869.5
2,1,2,0,80,2,2,False,27715.25
2,1,2,0,80,2,3,False,29122.75
2,1,2,0,80,3,0,True,91.25
2,1,2,0,80,3,1,True,82.41666667
2,1,2,0,80,3,2,False,447.9166667
2,1,2,0,80,3,3,False,451.4166667
2,1,2,0,80,6,0,True,325.75
2,1,2,0,80,6,1,True,331.5
2,1,2,0,80,6,2,False,1340.833333
2,1,2,0,80,6,3,False,1409.416667
2,1,2,1,59,2,0,False,42828.41667
2,1,2,1,59,6,0,False,4314.666667
2,1,2,1,60,2,0,False,30182.08333
2,1,2,1,60,6,0,False,3177.833333
2,1,2,1,61,2,0,False,33404.08333
2,1,2,1,61,6,0,False,3254.833333
2,1,2,1,62,2,0,False,32211.58333
2,1,2,1,62,6,0,False,3325.75
2,1,2,1,63,2,0,False,33379.66667
2,1,2,1,63,6,0,False,3197.833333
2,1,2,1,64,2,0,False,28715.41667
2,1,2,1,64,6,0,False,3165.666667
2,1,2,1,65,2,0,False,32717.75
2,1,2,1,65,6,0,False,3429.583333
2,1,2,1,66,2,0,False,32885.33333
2,1,2,1,66,6,0,False,3583.083333
2,1,2,1,67,2,0,False,37601.08333
2,1,2,1,67,6,0,False,3890.75
2,1,2,1,68,2,0,False,25074
2,1,2,1,68,6,0,False,2857.833333
2,1,2,1,69,2,0,False,28568.41667
2,1,2,1,69,3,0,False,1621.916667
2,1,2,1,69,5,0,False,8394.083333
2,1,2,1,69,6,0,False,2958.25
2,1,2,1,70,2,0,False,28439.83333
2,1,2,1,70,3,0,False,1565.916667
2,1,2,1,70,5,0,False,8681.333333
2,1,2,1,70,6,0,False,3067.083333
2,1,2,1,71,2,0,False,33140.58333
2,1,2,1,71,3,0,False,1531.083333
2,1,2,1,71,5,0,False,8412.416667
2,1,2,1,71,6,0,False,3482
2,1,2,1,72,2,0,False,30985.58333
2,1,2,1,72,3,0,False,1497.916667
2,1,2,1,72,5,0,False,8523.083333
2,1,2,1,72,6,0,False,3339.583333
2,1,2,1,73,2,0,False,35913.58333
2,1,2,1,73,3,0,False,1333.916667
2,1,2,1,73,5,0,False,8370.75
2,1,2,1,73,6,0,False,3627.166667
2,1,2,1,74,2,0,False,34507.41667
2,1,2,1,74,3,0,False,1544.666667
2,1,2,1,74,5,0,False,8782.083333
2,1,2,1,74,6,0,False,3690.333333
2,1,2,1,75,2,0,False,39183.25
2,1,2,1,75,3,0,False,1412.166667
2,1,2,1,75,5,0,False,8354.75
2,1,2,1,75,6,0,False,4084.583333
2,1,2,1,76,2,0,False,26510.58333
2,1,2,1,76,3,0,False,1571.5
2,1,2,1,76,5,0,False,8483.75
2,1,2,1,76,6,0,False,2987.5
2,1,2,1,77,2,0,False,31579.16667
2,1,2,1,77,3,0,False,1305.5
2,1,2,1,77,5,0,False,8498.583333
2,1,2,1,77,6,0,False,3395.5
2,1,2,1,78,2,0,False,30459.66667
2,1,2,1,78,3,0,False,1524.833333
2,1,2,1,78,5,0,False,8561.083333
2,1,2,1,78,6,0,False,3289
2,1,2,1,79,2,0,False,36146.66667
2,1,2,1,79,3,0,False,1464.5
2,1,2,1,79,5,0,False,8499.166667
2,1,2,1,79,6,0,False,3667.666667
2,1,2,1,80,2,0,True,7014.583333
2,1,2,1,80,2,1,True,7174.25
2,1,2,1,80,2,2,False,34963.33333
2,1,2,1,80,2,3,False,36701.41667
2,1,2,1,80,2,4,False,33539.25
2,1,2,1,80,3,0,True,113
2,1,2,1,80,3,1,True,117.5833333
2,1,2,1,80,3,2,False,1460.666667
2,1,2,1,80,3,3,False,1456.166667
2,1,2,1,80,3,4,False,1558.916667
2,1,2,1,80,5,0,False,8380.25
2,1,2,1,80,6,0,True,788.5
2,1,2,1,80,6,1,True,812.5833333
2,1,2,1,80,6,2,False,3810.083333
2,1,2,1,80,6,3,False,3711.583333
2,1,2,1,80,6,4,False,3471.083333
2,1,2,1,81,5,0,False,8214.25
2,1,2,1,82,5,0,False,8497.666667
2,1,2,1,83,5,0,False,8228.916667
2,1,2,1,84,5,0,False,8498.666667
2,1,2,1,85,5,0,False,8122.416667
2,1,2,1,86,5,0,False,8572.583333
2,1,2,1,87,5,0,False,8308
2,1,2,1,88,5,0,False,8415.583333
2,1,2,1,89,5,0,False,8359.083333
2,1,2,1,90,5,0,True,80
2,1,2,1,90,5,1,True,1391.75
2,1,2,1,90,5,2,False,10032.33333
2,1,2,1,90,5,3,False,9084.666667
2,1,2,1,90,5,4,True,79.58333333
2,2,2,0,59,1,0,False,14748.16667
2,2,2,0,59,2,0,False,33163.83333
2,2,2,0,59,4,0,False,922
2,2,2,0,59,6,0,False,1540.291667
2,2,2,0,60,1,0,False,10433.75
2,2,2,0,60,2,0,False,23042.41667
2,2,2,0,60,4,0,False,811.0833333
2,2,2,0,60,6,0,False,1051.916667
2,2,2,0,61,1,0,False,11982
2,2,2,0,61,2,0,False,26609.29167
2,2,2,0,61,4,0,False,875.6666667
2,2,2,0,61,6,0,False,1100.083333
2,2,2,0,62,1,0,False,11697.75
2,2,2,0,62,2,0,False,25565.75
2,2,2,0,62,4,0,False,836.9166667
2,2,2,0,62,6,0,False,1090.541667
2,2,2,0,63,1,0,False,12834.08333
2,2,2,0,63,2,0,False,27743
2,2,2,0,63,4,0,False,888.9166667
2,2,2,0,63,6,0,False,1104.958333
2,2,2,0,64,1,0,False,9322.083333
2,2,2,0,64,2,0,False,20705.66667
2,2,2,0,64,4,0,False,666
2,2,2,0,64,6,0,False,1060.75
2,2,2,0,65,1,0,False,11026.91667
2,2,2,0,65,2,0,False,24777.45833
2,2,2,0,65,4,0,False,757.4166667
2,2,2,0,65,6,0,False,1110.375
2,2,2,0,66,1,0,False,10886.5
2,2,2,0,66,2,0,False,23904.125
2,2,2,0,66,4,0,False,726.5833333
2,2,2,0,66,6,0,False,1149.833333
2,2,2,0,67,1,0,False,12782.75
2,2,2,0,67,2,0,False,28080
2,2,2,0,67,4,0,False,820.4166667
2,2,2,0,67,6,0,False,1332.708333
2,2,2,0,68,1,0,False,8944.5
2,2,2,0,68,2,0,False,18005.58333
2,2,2,0,68,4,0,False,681.25
2,2,2,0,68,6,0,False,938.875
2,2,2,0,69,1,0,False,10370.5
2,2,2,0,69,2,0,False,21278.33333
2,2,2,0,69,3,0,False,405.7083333
2,2,2,0,69,4,0,False,766.0833333
2,2,2,0,69,6,0,False,981.9166667
2,2,2,0,70,1,0,False,9982.583333
2,2,2,0,70,2,0,False,20737.04167
2,2,2,0,70,3,0,False,436.125
2,2,2,0,70,4,0,True,376.25
2,2,2,0,70,4,1,False,809.0833333
2,2,2,0,70,4,2,True,425.3333333
2,2,2,0,70,4,3,False,833.25
2,2,2,0,70,6,0,False,1035.458333
2,2,2,0,71,1,0,False,11735.5
2,2,2,0,71,2,0,False,24188.04167
2,2,2,0,71,3,0,False,415.2083333
2,2,2,0,71,6,0,False,1168.041667
2,2,2,0,72,1,0,False,10504.33333
2,2,2,0,72,2,0,False,22835.33333
2,2,2,0,72,3,0,False,419.375
2,2,2,0,72,6,0,False,1103.75
2,2,2,0,73,1,0,False,12757.41667
2,2,2,0,73,2,0,False,27327.04167
2,2,2,0,73,3,0,False,379.4166667
2,2,2,0,73,6,0,False,1257.125
2,2,2,0,74,1,0,False,12222.25
2,2,2,0,74,2,0,False,25621.875
2,2,2,0,74,3,0,False,427.875
2,2,2,0,74,6,0,False,1195.166667
2,2,2,0,75,1,0,False,14429.25
2,2,2,0,75,2,0,False,29918.33333
2,2,2,0,75,3,0,False,391.2916667
2,2,2,0,75,6,0,False,1431.375
2,2,2,0,76,1,0,False,9703.75
2,2,2,0,76,2,0,False,19022.83333
2,2,2,0,76,3,0,False,431.7083333
2,2,2,0,76,6,0,False,1012.791667
2,2,2,0,77,1,0,False,11617.25
2,2,2,0,77,2,0,False,23229
2,2,2,0,77,3,0,False,391.8333333
2,2,2,0,77,6,0,False,1109.5
2,2,2,0,78,1,0,False,11085.58333
2,2,2,0,78,2,0,False,22187.95833
2,2,2,0,78,3,0,False,424.875
2,2,2,0,78,6,0,False,1056.208333
2,2,2,0,79,1,0,False,13463.08333
2,2,2,0,79,2,0,False,26623.91667
2,2,2,0,79,3,0,False,396.75
2,2,2,0,79,6,0,False,1240.916667
2,2,2,0,80,1,0,False,10028
2,2,2,0,80,2,0,True,5081.083333
2,2,2,0,80,2,1,True,5542.708333
2,2,2,0,80,2,2,False,26016.58333
2,2,2,0,80,2,3,False,27359.41667
2,2,2,0,80,3,0,True,87.70833333
2,2,2,0,80,3,1,True,89.66666667
2,2,2,0,80,3,2,False,426.7916667
2,2,2,0,80,3,3,False,423.375
2,2,2,0,80,6,0,True,303.5416667
2,2,2,0,80,6,1,True,309.7916667
2,2,2,0,80,6,2,False,1233.708333
2,2,2,0,80,6,3,False,1262.25
2,2,2,0,81,1,0,False,12340.75
2,2,2,0,82,1,0,False,12061.58333
2,2,2,0,83,1,0,False,13873
2,2,2,0,84,1,0,False,9268.416667
2,2,2,0,85,1,0,False,11154
2,2,2,0,86,1,0,False,10856.75
2,2,2,0,87,1,0,False,12635.25
2,2,2,0,88,1,0,False,11153.58333
2,2,2,0,89,1,0,False,12801.33333
2,2,2,0,90,1,0,True,230.8333333
2,2,2,0,90,1,1,True,5558.583333
2,2,2,0,90,1,2,True,243.6666667
2,2,2,0,90,1,3,False,14637.83333
2,2,2,1,59,1,0,False,22291.5
2,2,2,1,59,2,0,False,44130.52083
2,2,2,1,59,4,0,False,1197.208333
2,2,2,1,59,6,0,False,3525.979167
2,2,2,1,60,1,0,False,17613.75
2,2,2,1,60,2,0,False,31169.3125
2,2,2,1,60,4,0,False,1132.583333
2,2,2,1,60,6,0,False,2588.604167
2,2,2,1,61,1,0,False,18322.20833
2,2,2,1,61,2,0,False,34348.79167
2,2,2,1,61,4,0,False,1173.083333
2,2,2,1,61,6,0,False,2594.5625
2,2,2,1,62,1,0,False,18136.95833
2,2,2,1,62,2,0,False,33680.85417
2,2,2,1,62,4,0,False,1216.375
2,2,2,1,62,6,0,False,2680.625
2,2,2,1,63,1,0,False,18951.66667
2,2,2,1,63,2,0,False,35216.10417
2,2,2,1,63,4,0,False,1187.916667
2,2,2,1,63,6,0,False,2597.1875
2,2,2,1,64,1,0,False,15883.33333
2,2,2,1,64,2,0,False,29650.39583
2,2,2,1,64,4,0,False,1022.708333
2,2,2,1,64,6,0,False,2532.5625
2,2,2,1,65,1,0,False,17781.95833
2,2,2,1,65,2,0,False,34141.375
2,2,2,1,65,4,0,False,1085.916667
2,2,2,1,65,6,0,False,2731.25
2,2,2,1,66,1,0,False,17875.79167
2,2,2,1,66,2,0,False,33591.52083
2,2,2,1,66,4,0,False,1085.416667
2,2,2,1,66,6,0,False,2796.0625
2,2,2,1,67,1,0,False,19775.45833
2,2,2,1,67,2,0,False,38630.14583
2,2,2,1,67,4,0,False,1133.166667
2,2,2,1,67,6,0,False,3128.375
2,2,2,1,68,1,0,False,15346.41667
2,2,2,1,68,2,0,False,25870.54167
2,2,2,1,68,4,0,False,1033.5
2,2,2,1,68,6,0,False,2300.708333
2,2,2,1,69,1,0,False,16949.70833
2,2,2,1,69,2,0,False,29665.39583
2,2,2,1,69,3,0,False,1764.416667
2,2,2,1,69,4,0,False,1096.958333
2,2,2,1,69,5,0,False,7337.4375
2,2,2,1,69,6,0,False,2414.1875
2,2,2,1,70,1,0,False,16981.875
2,2,2,1,70,2,0,False,29255.02083
2,2,2,1,70,3,0,False,1713.666667
2,2,2,1,70,4,0,True,485.3333333
2,2,2,1,70,4,1,False,1176.708333
2,2,2,1,70,4,2,True,534.2916667
2,2,2,1,70,4,3,False,1168.666667
2,2,2,1,70,4,4,False,1150.583333
2,2,2,1,70,5,0,False,7495.791667
2,2,2,1,70,6,0,False,2435.104167
2,2,2,1,71,1,0,False,18651.79167
2,2,2,1,71,2,0,False,33973.8125
2,2,2,1,71,3,0,False,1641.416667
2,2,2,1,71,5,0,False,7383.666667
2,2,2,1,71,6,0,False,2783.395833
2,2,2,1,72,1,0,False,17699.54167
2,2,2,1,72,2,0,False,31886.77083
2,2,2,1,72,3,0,False,1622.416667
2,2,2,1,72,5,0,False,7410.229167
2,2,2,1,72,6,0,False,2704.583333
2,2,2,1,73,1,0,False,19987.16667
2,2,2,1,73,2,0,False,37423.29167
2,2,2,1,73,3,0,False,1421.5
2,2,2,1,73,5,0,False,7266.520833
2,2,2,1,73,6,0,False,3036.729167
2,2,2,1,74,1,0,False,19541.83333
2,2,2,1,74,2,0,False,35631.75
2,2,2,1,74,3,0,False,1626.145833
2,2,2,1,74,5,0,False,7416.75
2,2,2,1,74,6,0,False,2920.229167
2,2,2,1,75,1,0,False,21973.08333
2,2,2,1,75,2,0,False,40673.10417
2,2,2,1,75,3,0,False,1561.416667
2,2,2,1,75,5,0,False,7293.270833
2,2,2,1,75,6,0,False,3277.354167
2,2,2,1,76,1,0,False,16215.625
2,2,2,1,76,2,0,False,27507.52083
2,2,2,1,76,3,0,False,1708.25
2,2,2,1,76,5,0,False,7321
2,2,2,1,76,6,0,False,2416.270833
2,2,2,1,77,1,0,False,18192.25
2,2,2,1,77,2,0,False,32427.91667
2,2,2,1,77,3,0,False,1510.041667
2,2,2,1,77,5,0,False,7256.791667
2,2,2,1,77,6,0,False,2638.916667
2,2,2,1,78,1,0,False,18093.91667
2,2,2,1,78,2,0,False,31308.3125
2,2,2,1,78,3,0,False,1745.916667
2,2,2,1,78,5,0,False,7469.583333
2,2,2,1,78,6,0,False,2579.6875
2,2,2,1,79,1,0,False,20010.83333
2,2,2,1,79,2,0,False,36975.97917
2,2,2,1,79,3,0,False,1651.375
2,2,2,1,79,5,0,False,7374.6875
2,2,2,1,79,6,0,False,2968.833333
2,2,2,1,80,1,0,False,17135.54167
2,2,2,1,80,2,0,True,7150.854167
2,2,2,1,80,2,1,True,7453.5625
2,2,2,1,80,2,2,False,36147.14583
2,2,2,1,80,2,3,False,37931.75
2,2,2,1,80,2,4,False,34097.29167
2,2,2,1,80,3,0,True,131.8541667
2,2,2,1,80,3,1,True,127.0625
2,2,2,1,80,3,2,False,1650.333333
2,2,2,1,80,3,3,False,1520.166667
2,2,2,1,80,3,4,False,1726.708333
2,2,2,1,80,5,0,False,7354.375
2,2,2,1,80,6,0,True,653.2291667
2,2,2,1,80,6,1,True,683.6041667
2,2,2,1,80,6,2,False,2982.25
2,2,2,1,80,6,3,False,3077.645833
2,2,2,1,80,6,4,False,2810.6875
2,2,2,1,81,1,0,False,19010.79167
2,2,2,1,81,5,0,False,7129.708333
2,2,2,1,82,1,0,False,19555.54167
2,2,2,1,82,5,0,False,7332.958333
2,2,2,1,83,1,0,False,21271.16667
2,2,2,1,83,5,0,False,7117.4375
2,2,2,1,84,1,0,False,15953.16667
2,2,2,1,84,5,0,False,7283.270833
2,2,2,1,85,1,0,False,17470.54167
2,2,2,1,85,5,0,False,7043.9375
2,2,2,1,86,1,0,False,17668.41667
2,2,2,1,86,5,0,False,7397.625
2,2,2,1,87,1,0,False,19462.20833
2,2,2,1,87,5,0,False,7221.854167
2,2,2,1,88,1,0,False,18201.54167
2,2,2,1,88,5,0,False,7256
2,2,2,1,89,1,0,False,19728.16667
2,2,2,1,89,5,0,False,7156.583333
2,2,2,1,90,1,0,True,312.1666667
2,2,2,1,90,1,1,True,8841.125
2,2,2,1,90,1,2,True,333.5
2,2,2,1,90,1,3,False,23464.66667
2,2,2,1,90,1,4,False,20901
2,2,2,1,90,5,0,True,82.02083333
2,2,2,1,90,5,1,True,1217.520833
2,2,2,1,90,5,2,False,8721.145833
2,2,2,1,90,5,3,False,7825.625
2,2,2,1,90,5,4,True,78.79166667
2,3,2,0,59,1,0,False,16739.04167
2,3,2,0,59,2,0,False,39670.04167
2,3,2,0,59,4,0,False,842.9583333
2,3,2,0,59,6,0,False,1327.208333
2,3,2,0,60,1,0,False,11861
2,3,2,0,60,2,0,False,27674.08333
2,3,2,0,60,4,0,False,773.25
2,3,2,0,60,6,0,False,903.7083333
2,3,2,0,61,1,0,False,13457.70833
2,3,2,0,61,2,0,False,31959.45833
2,3,2,0,61,4,0,False,803.0833333
2,3,2,0,61,6,0,False,943.5833333
2,3,2,0,62,1,0,False,13017.08333
2,3,2,0,62,2,0,False,30492.95833
2,3,2,0,62,4,0,False,780.4166667
2,3,2,0,62,6,0,False,930.5
2,3,2,0,63,1,0,False,14320.58333
2,3,2,0,63,2,0,False,32823
2,3,2,0,63,4,0,False,829.9583333
2,3,2,0,63,6,0,False,972.75
2,3,2,0,64,1,0,False,10384.08333
2,3,2,0,64,2,0,False,24532.54167
2,3,2,0,64,4,0,False,635.2916667
2,3,2,0,64,6,0,False,908.9583333
2,3,2,0,65,1,0,False,12516.625
2,3,2,0,65,2,0,False,29321.5
2,3,2,0,65,4,0,False,690.7083333
2,3,2,0,65,6,0,False,965.8333333
2,3,2,0,66,1,0,False,12204.79167
2,3,2,0,66,2,0,False,28473.41667
2,3,2,0,66,4,0,False,692.3333333
2,3,2,0,66,6,0,False,999.7916667
2,3,2,0,67,1,0,False,14441.75
2,3,2,0,67,2,0,False,33097.20833
2,3,2,0,67,4,0,False,743.0416667
2,3,2,0,67,6,0,False,1141.083333
2,3,2,0,68,1,0,False,10022.33333
2,3,2,0,68,2,0,False,21373.375
2,3,2,0,68,4,0,False,640.0416667
2,3,2,0,68,6,0,False,835.2083333
2,3,2,0,69,1,0,False,11647.5
2,3,2,0,69,2,0,False,25577.66667
2,3,2,0,69,3,0,False,457.625
2,3,2,0,69,4,0,False,717.5
2,3,2,0,69,6,0,False,864.1666667
2,3,2,0,70,1,0,False,11435.29167
2,3,2,0,70,2,0,False,24643.91667
2,3,2,0,70,3,0,False,447.2083333
2,3,2,0,70,4,0,True,357.7083333
2,3,2,0,70,4,1,False,785.0833333
2,3,2,0,70,4,2,True,394
2,3,2,0,70,4,3,False,775.625
2,3,2,0,70,6,0,False,893.6666667
2,3,2,0,71,1,0,False,13227.20833
2,3,2,0,71,2,0,False,29357.125
2,3,2,0,71,3,0,False,420
2,3,2,0,71,6,0,False,1013.666667
2,3,2,0,72,1,0,False,11892.41667
2,3,2,0,72,2,0,False,27071.33333
2,3,2,0,72,3,0,False,430.0416667
2,3,2,0,72,6,0,False,968.0416667
2,3,2,0,73,1,0,False,14420
2,3,2,0,73,2,0,False,32429.625
2,3,2,0,73,3,0,False,410.2083333
2,3,2,0,73,6,0,False,1094.125
2,3,2,0,74,1,0,False,13831.83333
2,3,2,0,74,2,0,False,30254
2,3,2,0,74,3,0,False,446.5833333
2,3,2,0,74,6,0,False,1022.75
2,3,2,0,75,1,0,False,16537.95833
2,3,2,0,75,2,0,False,35396.95833
2,3,2,0,75,3,0,False,412.9166667
2,3,2,0,75,6,0,False,1230.041667
2,3,2,0,76,1,0,False,10863.75
2,3,2,0,76,2,0,False,22905.79167
2,3,2,0,76,3,0,False,434.5833333
2,3,2,0,76,6,0,False,873.875
2,3,2,0,77,1,0,False,13256.29167
2,3,2,0,77,2,0,False,27642.20833
2,3,2,0,77,3,0,False,409.8333333
2,3,2,0,77,6,0,False,957.4166667
2,3,2,0,78,1,0,False,12714.45833
2,3,2,0,78,2,0,False,26386
2,3,2,0,78,3,0,False,452.5416667
2,3,2,0,78,6,0,False,955.0416667
2,3,2,0,79,1,0,False,14992.70833
2,3,2,0,79,2,0,False,31569.70833
2,3,2,0,79,3,0,False,425.375
2,3,2,0,79,6,0,False,1097.958333
2,3,2,0,80,1,0,False,11213.20833
2,3,2,0,80,2,0,True,6111.833333
2,3,2,0,80,2,1,True,6569.083333
2,3,2,0,80,2,2,False,30916.54167
2,3,2,0,80,2,3,False,32575.20833
2,3,2,0,80,3,0,True,91.54166667
2,3,2,0,80,3,1,True,84.83333333
2,3,2,0,80,3,2,False,442.75
2,3,2,0,80,3,3,False,447.4166667
2,3,2,0,80,6,0,True,272.4583333
2,3,2,0,80,6,1,True,271.6666667
2,3,2,0,80,6,2,False,1069.958333
2,3,2,0,80,6,3,False,1118.791667
2,3,2,0,81,1,0,False,13723.625
2,3,2,0,82,1,0,False,13424.25
2,3,2,0,83,1,0,False,15716.83333
2,3,2,0,84,1,0,False,10541.54167
2,3,2,0,85,1,0,False,12536.20833
2,3,2,0,86,1,0,False,12223.16667
2,3,2,0,87,1,0,False,14295.25
2,3,2,0,88,1,0,False,12440.375
2,3,2,0,89,1,0,False,14557.25
2,3,2,0,90,1,0,True,249.6666667
2,3,2,0,90,1,1,True,6126.125
2,3,2,0,90,1,2,True,272.2916667
2,3,2,0,90,1,3,False,16347.20833
2,3,2,1,59,1,0,False,19136.63333
2,3,2,1,59,2,0,False,41602.16667
2,3,2,1,59,4,0,False,1290.483333
2,3,2,1,59,6,0,False,4739.6
2,3,2,1,60,1,0,False,15103.55833
2,3,2,1,60,2,0,False,29371.26667
2,3,2,1,60,4,0,False,1222.025
2,3,2,1,60,6,0,False,3536.183333
2,3,2,1,61,1,0,False,15871.1
2,3,2,1,61,2,0,False,32508.36667
2,3,2,1,61,4,0,False,1259.891667
2,3,2,1,61,6,0,False,3492.425
2,3,2,1,62,1,0,False,15812.31667
2,3,2,1,62,2,0,False,32002.175
2,3,2,1,62,4,0,False,1244.691667
2,3,2,1,62,6,0,False,3671.958333
2,3,2,1,63,1,0,False,16262.96667
2,3,2,1,63,2,0,False,33387.80833
2,3,2,1,63,4,0,False,1237.491667
2,3,2,1,63,6,0,False,3537.383333
2,3,2,1,64,1,0,False,13685.86667
2,3,2,1,64,2,0,False,27994.025
2,3,2,1,64,4,0,False,1070.533333
2,3,2,1,64,6,0,False,3491.35
2,3,2,1,65,1,0,False,15329.48333
2,3,2,1,65,2,0,False,32508.41667
2,3,2,1,65,4,0,False,1133.9
2,3,2,1,65,6,0,False,3687.508333
2,3,2,1,66,1,0,False,15472.74167
2,3,2,1,66,2,0,False,31910.64167
2,3,2,1,66,4,0,False,1118.9
2,3,2,1,66,6,0,False,3769.2
2,3,2,1,67,1,0,False,17152.61667
2,3,2,1,67,2,0,False,36755.1
2,3,2,1,67,4,0,False,1193.683333
2,3,2,1,67,6,0,False,4251.225
2,3,2,1,68,1,0,False,13173.78333
2,3,2,1,68,2,0,False,24726.775
2,3,2,1,68,4,0,False,1087.6
2,3,2,1,68,6,0,False,3200.975
2,3,2,1,69,1,0,False,14430.04167
2,3,2,1,69,2,0,False,28220.525
2,3,2,1,69,3,0,False,1715.25
2,3,2,1,69,4,0,False,1159.316667
2,3,2,1,69,5,0,False,7877.808333
2,3,2,1,69,6,0,False,3274.65
2,3,2,1,70,1,0,False,14385.09167
2,3,2,1,70,2,0,False,27941.7
2,3,2,1,70,3,0,False,1696.575
2,3,2,1,70,4,0,True,527.1666667
2,3,2,1,70,4,1,False,1237.525
2,3,2,1,70,4,2,True,583.25
2,3,2,1,70,4,3,False,1266.425
2,3,2,1,70,4,4,False,1243.833333
2,3,2,1,70,5,0,False,8058.691667
2,3,2,1,70,6,0,False,3312.725
2,3,2,1,71,1,0,False,15919.775
2,3,2,1,71,2,0,False,32261.175
2,3,2,1,71,3,0,False,1663.95
2,3,2,1,71,5,0,False,7922.225
2,3,2,1,71,6,0,False,3734.4
2,3,2,1,72,1,0,False,15199.91667
2,3,2,1,72,2,0,False,30267.55
2,3,2,1,72,3,0,False,1622.391667
2,3,2,1,72,5,0,False,7953.233333
2,3,2,1,72,6,0,False,3604.441667
2,3,2,1,73,1,0,False,17220.925
2,3,2,1,73,2,0,False,35555.80833
2,3,2,1,73,3,0,False,1445.508333
2,3,2,1,73,5,0,False,7801.858333
2,3,2,1,73,6,0,False,4094
2,3,2,1,74,1,0,False,16957.41667
2,3,2,1,74,2,0,False,33842.83333
2,3,2,1,74,3,0,False,1632.35
2,3,2,1,74,5,0,False,8071.125
2,3,2,1,74,6,0,False,4024.116667
2,3,2,1,75,1,0,False,18952.53333
2,3,2,1,75,2,0,False,38762.84167
2,3,2,1,75,3,0,False,1540.6
2,3,2,1,75,5,0,False,7875.508333
2,3,2,1,75,6,0,False,4453.783333
2,3,2,1,76,1,0,False,14045.36667
2,3,2,1,76,2,0,False,26250.525
2,3,2,1,76,3,0,False,1667.4
2,3,2,1,76,5,0,False,7937.208333
2,3,2,1,76,6,0,False,3242.741667
2,3,2,1,77,1,0,False,15737.09167
2,3,2,1,77,2,0,False,30761.56667
2,3,2,1,77,3,0,False,1461.9
2,3,2,1,77,5,0,False,7835.65
2,3,2,1,77,6,0,False,3556.116667
2,3,2,1,78,1,0,False,15636.925
2,3,2,1,78,2,0,False,29784.76667
2,3,2,1,78,3,0,False,1702.175
2,3,2,1,78,5,0,False,8030.866667
2,3,2,1,78,6,0,False,3555.666667
2,3,2,1,79,1,0,False,17386.63333
2,3,2,1,79,2,0,False,34993.51667
2,3,2,1,79,3,0,False,1619.991667
2,3,2,1,79,5,0,False,7956.016667
2,3,2,1,79,6,0,False,4051.891667
2,3,2,1,80,1,0,False,14721.075
2,3,2,1,80,2,0,True,6826.716667
2,3,2,1,80,2,1,True,7162.425
2,3,2,1,80,2,2,False,34314.56667
2,3,2,1,80,2,3,False,36101.85
2,3,2,1,80,2,4,False,32349.94167
2,3,2,1,80,3,0,True,125.5166667
2,3,2,1,80,3,1,True,123.25
2,3,2,1,80,3,2,False,1601.308333
2,3,2,1,80,3,3,False,1525.908333
2,3,2,1,80,3,4,False,1725.808333
2,3,2,1,80,5,0,False,7918.483333
2,3,2,1,80,6,0,True,879.675
2,3,2,1,80,6,1,True,914.875
2,3,2,1,80,6,2,False,3993.55
2,3,2,1,80,6,3,False,4093.283333
2,3,2,1,80,6,4,False,3755.758333
2,3,2,1,81,1,0,False,16501.11667
2,3,2,1,81,5,0,False,7633.041667
2,3,2,1,82,1,0,False,16757.59167
2,3,2,1,82,5,0,False,7966.075
2,3,2,1,83,1,0,False,18241.95
2,3,2,1,83,5,0,False,7776.916667
2,3,2,1,84,1,0,False,13713.03333
2,3,2,1,84,5,0,False,7921.883333
2,3,2,1,85,1,0,False,15027.56667
2,3,2,1,85,5,0,False,7660.591667
2,3,2,1,86,1,0,False,15241.53333
2,3,2,1,86,5,0,False,7981.433333
2,3,2,1,87,1,0,False,16924.25833
2,3,2,1,87,5,0,False,7745.391667
2,3,2,1,88,1,0,False,15732.175
2,3,2,1,88,5,0,False,7837.233333
2,3,2,1,89,1,0,False,16876.15833
2,3,2,1,89,5,0,False,7748.016667
2,3,2,1,90,1,0,True,279.65
2,3,2,1,90,1,1,True,7642.65
2,3,2,1,90,1,2,True,290.65
2,3,2,1,90,1,3,False,20243.15
2,3,2,1,90,1,4,False,17944.71667
2,3,2,1,90,5,0,True,82.425
2,3,2,1,90,5,1,True,1316.983333
2,3,2,1,90,5,2,False,9365.45
2,3,2,1,90,5,3,False,8474.025
2,3,2,1,90,5,4,True,82.00833333
